File,MOS,width,height,framerate,Bitrate,VQ_EC,VF_EC,VU_EC,VD_EC,AC_EC,VQ_ACR,VF_ACR,VU_ACR,VD_ACR,AC_ACR,Content
Bejeweled3_30s_1280x720_60_1000_h264_nvenc.mp4,3.24,1280,720,60,1000,4.29,4.09,4.3,5.37,4.25,3.24,3.05,3.25,4.1,3.21,Bejeweled3
Bejeweled3_30s_1280x720_60_2000_h264_nvenc.mp4,3.56,1280,720,60,2000,4.67,4.61,4.52,5.05,4.6,3.56,3.5,3.42,3.87,3.5,Bejeweled3
Bejeweled3_30s_1280x720_60_4000_h264_nvenc.mp4,3.87,1280,720,60,4000,5.03,5.23,5.04,5.42,4.96,3.87,4,3.85,4.17,3.81,Bejeweled3
Bejeweled3_30s_1280x720_60_50000_h264_nvenc.mp4,3.91,1280,720,60,50000,5.12,5.39,5.22,5.53,5.45,3.91,4.1,3.97,4.22,4.14,Bejeweled3
Bejeweled3_30s_1920x1080_60_2000_h264_nvenc.mp4,2.98,1920,1080,60,2000,3.98,3.87,4.21,5.29,4.09,2.98,2.87,3.14,4.02,3.06,Bejeweled3
Bejeweled3_30s_1920x1080_60_4000_h264_nvenc.mp4,4.24,1920,1080,60,4000,5.51,5.66,5.62,5.71,5.73,4.24,4.33,4.3,4.38,4.39,Bejeweled3
Bejeweled3_30s_1920x1080_60_50000_h264_nvenc.mp4,4.27,1920,1080,60,50000,5.57,5.77,5.7,5.78,5.8,4.27,4.41,4.35,4.41,4.43,Bejeweled3
Bejeweled3_30s_1920x1080_60_6000_h264_nvenc.mp4,4.38,1920,1080,60,6000,5.72,5.6,5.74,5.81,5.84,4.38,4.26,4.37,4.43,4.47,Bejeweled3
Bejeweled3_30s_20_1920x1080_20_1000_h264_nvenc.mp4,3.32,1920,1080,20,1000,4.41,4.35,4.84,4.7,4.42,3.32,3.26,3.68,3.56,3.32,Bejeweled3
Bejeweled3_30s_20_1920x1080_20_2000_h264_nvenc.mp4,4.05,1920,1080,20,2000,5.32,5.48,5.71,5.24,5.27,4.05,4.16,4.35,3.95,3.99,Bejeweled3
Bejeweled3_30s_20_1920x1080_20_300_h264_nvenc.mp4,2.11,1920,1080,20,300,2.94,2.89,3.21,4.56,2.69,2.11,2.1,2.34,3.46,1.93,Bejeweled3
Bejeweled3_30s_20_1920x1080_20_50000_h264_nvenc.mp4,3.88,1920,1080,20,50000,5.07,5.17,5.18,4.87,5.27,3.88,3.94,3.94,3.71,4.04,Bejeweled3
Bejeweled3_30s_30_1280x720_30_1000_h264_nvenc.mp4,3.54,1280,720,30,1000,4.68,5.14,4.2,5.25,4.86,3.54,3.9,3.11,3.98,3.68,Bejeweled3
Bejeweled3_30s_30_1280x720_30_2000_h264_nvenc.mp4,3.86,1280,720,30,2000,5.04,5.34,4.91,5.41,5.22,3.86,4.09,3.74,4.14,4,Bejeweled3
Bejeweled3_30s_30_1280x720_30_4000_h264_nvenc.mp4,3.78,1280,720,30,4000,4.93,5.18,4.97,5.17,5.2,3.78,3.95,3.79,3.95,4,Bejeweled3
Bejeweled3_30s_30_1280x720_30_50000_h264_nvenc.mp4,4.16,1280,720,30,50000,5.44,5.35,5.65,5.64,5.5,4.16,4.05,4.29,4.28,4.19,Bejeweled3
Bejeweled3_30s_30_1920x1080_30_2000_h264_nvenc.mp4,3.99,1920,1080,30,2000,5.18,5.2,5.3,5.39,5.38,3.99,3.98,4.07,4.14,4.14,Bejeweled3
Bejeweled3_30s_30_1920x1080_30_4000_h264_nvenc.mp4,4.24,1920,1080,30,4000,5.54,5.74,5.8,5.63,5.69,4.24,4.38,4.43,4.29,4.33,Bejeweled3
Bejeweled3_30s_30_1920x1080_30_50000_h264_nvenc.mp4,4.27,1920,1080,30,50000,5.57,5.64,5.7,5.6,5.69,4.27,4.31,4.36,4.27,4.34,Bejeweled3
Bejeweled3_30s_30_1920x1080_30_6000_h264_nvenc.mp4,4.31,1920,1080,30,6000,5.65,5.67,5.59,5.81,5.82,4.31,4.32,4.26,4.42,4.45,Bejeweled3
Bejeweled3_30s_30_640x480_30_1000_h264_nvenc.mp4,2.8,640,480,30,1000,3.78,5.2,3.2,5.51,4.27,2.8,3.97,2.33,4.23,3.23,Bejeweled3
Bejeweled3_30s_30_640x480_30_2000_h264_nvenc.mp4,2.82,640,480,30,2000,3.8,4.32,2.96,4.79,3.63,2.82,3.25,2.12,3.64,2.67,Bejeweled3
Bejeweled3_30s_30_640x480_30_300_h264_nvenc.mp4,2.22,640,480,30,300,3.07,3.31,2.9,4.7,3.07,2.22,2.45,2.09,3.6,2.23,Bejeweled3
Bejeweled3_30s_30_640x480_30_50000_h264_nvenc.mp4,2.9,640,480,30,6000,3.91,4.71,3.04,5,3.74,2.9,3.57,2.2,3.81,2.76,Bejeweled3
Bejeweled3_30s_640x480_60_1000_h264_nvenc.mp4,2.59,640,480,60,1000,3.53,4.68,2.8,5.35,3.86,2.59,3.53,1.98,4.1,2.87,Bejeweled3
Bejeweled3_30s_640x480_60_2000_h264_nvenc.mp4,3.37,640,480,60,2000,4.42,5.5,3.25,5.48,4.53,3.37,4.22,2.37,4.19,3.42,Bejeweled3
Bejeweled3_30s_640x480_60_300_h264_nvenc.mp4,1.96,640,480,60,300,2.72,2.92,2.39,5.12,2.5,1.96,2.14,1.69,3.93,1.8,Bejeweled3
Bejeweled3_30s_640x480_60_50000_h264_nvenc.mp4,3.3,640,480,60,6000,4.37,5.28,3.78,5.34,4.63,3.3,4.02,2.8,4.09,3.51,Bejeweled3
BlackDesert_30_1280x720_60_1000_h264_nvenc.mp4,1.81,1280,720,60,1000,2.55,2.34,3.22,4.79,2.44,1.81,1.65,2.34,3.65,1.73,BlackDesert
BlackDesert_30_1280x720_60_2000_h264_nvenc.mp4,2.37,1280,720,60,2000,3.27,3.32,3.45,4.93,3.18,2.37,2.41,2.53,3.76,2.31,BlackDesert
BlackDesert_30_1280x720_60_4000_h264_nvenc.mp4,2.94,1280,720,60,4000,3.94,4.33,3.61,4.85,3.83,2.94,3.27,2.66,3.69,2.86,BlackDesert
BlackDesert_30_1280x720_60_50000_h264_nvenc.mp4,3.9,1280,720,60,50000,5.06,5.33,4.52,5.53,5.22,3.9,4.06,3.42,4.25,4,BlackDesert
BlackDesert_30_1920x1080_60_2000_h264_nvenc.mp4,2.14,1920,1080,60,2000,2.98,2.49,4.28,4.98,3.08,2.14,1.8,3.21,3.81,2.24,BlackDesert
BlackDesert_30_1920x1080_60_4000_h264_nvenc.mp4,2.77,1920,1080,60,4000,3.73,3.28,4.17,4.92,3.62,2.77,2.4,3.14,3.76,2.68,BlackDesert
BlackDesert_30_1920x1080_60_50000_h264_nvenc.mp4,4.11,1920,1080,60,50000,5.35,5.3,5.53,5.27,5.51,4.11,4.06,4.24,4.04,4.23,BlackDesert
BlackDesert_30_1920x1080_60_6000_h264_nvenc.mp4,3.23,1920,1080,60,6000,4.27,4.12,4.58,4.92,4.12,3.23,3.09,3.48,3.75,3.09,BlackDesert
BlackDesert_30_30fps_1280x720_30_1000_h264_nvenc.mp4,2.13,1280,720,30,1000,2.94,2.7,3.23,4.92,2.83,2.13,1.93,2.37,3.76,2.07,BlackDesert
BlackDesert_30_30fps_1280x720_30_2000_h264_nvenc.mp4,2.7,1280,720,30,2000,3.66,3.57,3.72,4.84,3.67,2.7,2.62,2.74,3.7,2.72,BlackDesert
BlackDesert_30_30fps_1280x720_30_4000_h264_nvenc.mp4,3.38,1280,720,30,4000,4.44,4.62,4.28,5,4.37,3.38,3.5,3.23,3.83,3.31,BlackDesert
BlackDesert_30_30fps_1280x720_30_50000_h264_nvenc.mp4,3.82,1280,720,30,50000,4.97,5.26,4.57,5.07,5.14,3.82,4.03,3.48,3.88,3.93,BlackDesert
BlackDesert_30_30fps_1920x1080_30_2000_h264_nvenc.mp4,2.45,1920,1080,30,2000,3.37,2.98,3.88,5.11,3.16,2.45,2.15,2.89,3.92,2.31,BlackDesert
BlackDesert_30_30fps_1920x1080_30_4000_h264_nvenc.mp4,3.1,1920,1080,30,4000,4.12,3.77,4.45,4.98,4.28,3.1,2.8,3.37,3.79,3.24,BlackDesert
BlackDesert_30_30fps_1920x1080_30_50000_h264_nvenc.mp4,4.22,1920,1080,30,50000,5.5,5.69,5.68,5.33,5.8,4.22,4.36,4.35,4.07,4.44,BlackDesert
BlackDesert_30_30fps_1920x1080_30_6000_h264_nvenc.mp4,3.59,1920,1080,30,6000,4.68,4.63,4.45,5.14,4.81,3.59,3.53,3.37,3.93,3.68,BlackDesert
BlackDesert_30_30fps_640x480_30_1000_h264_nvenc.mp4,2.11,640,480,30,1000,2.94,3.86,2.88,4.98,2.94,2.11,2.88,2.06,3.82,2.14,BlackDesert
BlackDesert_30_30fps_640x480_30_2000_h264_nvenc.mp4,2.4,640,480,30,2000,3.3,4.47,3.03,5.02,3.17,2.4,3.4,2.16,3.85,2.31,BlackDesert
BlackDesert_30_30fps_640x480_30_300_h264_nvenc.mp4,1.45,640,480,30,300,1.97,2.23,2.24,5.12,2.01,1.45,1.63,1.63,3.93,1.45,BlackDesert
BlackDesert_30_30fps_640x480_30_6000_h264_nvenc.mp4,2.8,640,480,30,6000,3.78,5.02,3.18,5.2,3.79,2.8,3.84,2.29,4.01,2.81,BlackDesert
BlackDesert_30_640x480_60_1000_h264_nvenc.mp4,1.95,640,480,60,1000,2.74,3.43,2.43,5.03,2.58,1.95,2.52,1.75,3.86,1.84,BlackDesert
BlackDesert_30_640x480_60_2000_h264_nvenc.mp4,2.21,640,480,60,2000,3.06,3.73,2.87,5.14,2.76,2.21,2.76,2.08,3.92,2,BlackDesert
BlackDesert_30_640x480_60_300_h264_nvenc.mp4,1.32,640,480,60,300,1.77,1.86,1.91,4.86,1.8,1.32,1.38,1.43,3.72,1.34,BlackDesert
BlackDesert_30_640x480_60_6000_h264_nvenc.mp4,2.89,640,480,60,6000,3.88,5,3.37,5.38,4.14,2.89,3.83,2.47,4.15,3.11,BlackDesert
Dauntless_30_1280x720_20_1000_h264_nvenc.mp4,2.51,1280,720,20,1000,3.43,3.67,3.55,4.02,3.55,2.51,2.72,2.62,3.02,2.63,Dauntless
Dauntless_30_1280x720_20_2000_h264_nvenc.mp4,2.68,1280,720,20,2000,3.63,4.79,3.52,3.56,4.14,2.68,3.63,2.58,2.61,3.11,Dauntless
Dauntless_30_1280x720_20_300_h264_nvenc.mp4,1.43,1280,720,20,300,1.93,2.14,2.55,4.11,2.08,1.43,1.58,1.85,3.1,1.53,Dauntless
Dauntless_30_1280x720_20_6000_h264_nvenc.mp4,3.05,1280,720,20,6000,4.07,5.06,4.63,3.75,4.17,3.05,3.85,3.51,2.76,3.13,Dauntless
Dauntless_30_1280x720_60_2000_h264_nvenc.mp4,2.86,1280,720,60,2000,3.84,4.05,3.55,5.31,4.27,2.86,3.02,2.61,4.07,3.2,Dauntless
Dauntless_30_1280x720_60_4000_h264_nvenc.mp4,3.16,1280,720,60,4000,4.19,4.65,3.95,5.26,4.65,3.16,3.53,2.96,4.05,3.54,Dauntless
Dauntless_30_1280x720_60_50000_h264_nvenc.mp4,3.73,1280,720,60,50000,4.86,5.45,4.47,5.33,5.11,3.73,4.18,3.38,4.09,3.91,Dauntless
Dauntless_30_1280x720_60_6000_h264_nvenc.mp4,3.34,1280,720,60,6000,4.39,5.47,3.85,5.15,5.05,3.34,4.2,2.87,3.92,3.86,Dauntless
Dauntless_30_1920x1080_20_1000_h264_nvenc.mp4,2.3,1920,1080,20,1000,3.16,3,3.36,3.95,3.17,2.3,2.17,2.46,2.94,2.32,Dauntless
Dauntless_30_1920x1080_20_2000_h264_nvenc.mp4,2.69,1920,1080,20,2000,3.65,3.52,3.68,3.96,3.7,2.69,2.59,2.72,2.95,2.74,Dauntless
Dauntless_30_1920x1080_20_300_h264_nvenc.mp4,1.36,1920,1080,20,300,1.82,1.78,2.44,4.07,1.83,1.36,1.36,1.77,3.06,1.4,Dauntless
Dauntless_30_1920x1080_20_6000_h264_nvenc.mp4,3.37,1920,1080,20,6000,4.45,5.21,4.83,4.25,4.6,3.37,3.99,3.67,3.2,3.48,Dauntless
Dauntless_30_1920x1080_60_2000_h264_nvenc.mp4,2.18,1920,1080,60,2000,3.02,2.73,3.15,5.09,3.52,2.18,1.95,2.28,3.91,2.6,Dauntless
Dauntless_30_1920x1080_60_4000_h264_nvenc.mp4,3.02,1920,1080,60,4000,4.02,3.79,4.01,4.97,4.17,3.02,2.8,2.99,3.78,3.13,Dauntless
Dauntless_30_1920x1080_60_50000_h264_nvenc.mp4,4.28,1920,1080,60,50000,5.63,5.43,5.51,5.58,5.71,4.28,4.15,4.21,4.23,4.34,Dauntless
Dauntless_30_1920x1080_60_6000_h264_nvenc.mp4,3.21,1920,1080,60,6000,4.27,4.12,4.17,5.01,4.46,3.21,3.06,3.1,3.8,3.37,Dauntless
ffxv_30_1280x720_60_1000_h264_nvenc.mp4,1.73,1280,720,60,1000,2.46,2.36,3.21,5,2.23,1.73,1.67,2.34,3.81,1.6,ffxv
ffxv_30_1280x720_60_4000_h264_nvenc.mp4,3.01,1280,720,60,4000,4.02,4.52,4.02,5.12,4.18,3.01,3.43,3.01,3.91,3.16,ffxv
ffxv_30_1280x720_60_50000_h264_nvenc.mp4,3.79,1280,720,60,50000,4.93,5.32,5.15,5.1,5.23,3.79,4.08,3.97,3.89,4.01,ffxv
ffxv_30_1920x1080_60_2000_h264_nvenc.mp4,2.07,1920,1080,60,2000,2.89,2.4,3.98,5.16,2.7,2.07,1.7,2.96,3.96,1.92,ffxv
ffxv_30_1920x1080_60_4000_h264_nvenc.mp4,3.09,1920,1080,60,4000,4.1,3.85,4.76,5.14,4.05,3.09,2.87,3.64,3.93,3.04,ffxv
ffxv_30_1920x1080_60_50000_h264_nvenc.mp4,4.2,1920,1080,60,50000,5.48,5.55,5.6,5.3,5.59,4.2,4.25,4.29,4.05,4.28,ffxv
ffxv_30_1920x1080_60_6000_h264_nvenc.mp4,3.37,1920,1080,60,6000,4.44,4.42,4.99,4.91,4.4,3.37,3.34,3.82,3.74,3.34,ffxv
ffxv_30_30fps_1280x720_30_1000_h264_nvenc.mp4,1.98,1280,720,30,1000,2.78,2.85,3.24,4.9,2.68,1.98,2.04,2.37,3.74,1.91,ffxv
ffxv_30_30fps_1920x1080_30_2000_h264_nvenc.mp4,2.47,1920,1080,30,2000,3.38,3.15,4.2,4.77,3.02,2.47,2.27,3.15,3.62,2.18,ffxv
ffxv_30_30fps_1280x720_30_2000_h264_nvenc.mp4,2.75,1280,720,30,2000,3.73,3.94,3.77,4.93,3.48,2.75,2.94,2.79,3.77,2.56,ffxv
ffxv_30_30fps_1920x1080_30_4000_h264_nvenc.mp4,3.35,1920,1080,30,4000,4.41,4.25,4.5,5.04,4.57,3.35,3.2,3.42,3.86,3.46,ffxv
ffxv_30_30fps_1280x720_30_4000_h264_nvenc.mp4,3.26,1280,720,30,4000,4.3,4.52,4.39,4.65,4.15,3.26,3.43,3.32,3.52,3.13,ffxv
ffxv_30_30fps_1920x1080_30_6000_h264_nvenc.mp4,3.64,1920,1080,30,6000,4.75,4.62,5.2,5.04,4.93,3.64,3.51,4,3.85,3.79,ffxv
ffxv_30_30fps_1280x720_30_50000_h264_nvenc.mp4,3.71,1280,720,30,50000,4.84,5.56,5.01,4.74,4.88,3.71,4.28,3.84,3.6,3.71,ffxv
ffxv_30_30fps_1920x1080_30_50000_h264_nvenc.mp4,4.21,1920,1080,30,50000,5.47,5.6,5.55,4.99,5.42,4.21,4.31,4.26,3.79,4.14,ffxv
ffxv_30_30fps_640x480_30_1000_h264_nvenc.mp4,2.31,640,480,30,1000,3.19,3.75,2.67,5.15,2.65,2.31,2.79,1.88,3.95,1.89,ffxv
ffxv_30_30fps_640x480_30_2000_h264_nvenc.mp4,2.52,640,480,30,2000,3.45,4.58,3.17,5.01,3.17,2.52,3.46,2.3,3.83,2.31,ffxv
ffxv_30_30fps_640x480_30_300_h264_nvenc.mp4,1.5,640,480,30,300,2.09,2.21,2.39,4.83,2.04,1.5,1.59,1.72,3.68,1.45,ffxv
ffxv_30_30fps_640x480_30_6000_h264_nvenc.mp4,2.93,640,480,30,6000,3.92,5.13,3.15,5.24,4.15,2.93,3.93,2.27,4.03,3.12,ffxv
ffxv_30_640x480_60_1000_h264_nvenc.mp4,2.03,640,480,60,1000,2.83,3.09,2.82,5.08,2.72,2.03,2.25,2.04,3.88,1.95,ffxv
ffxv_30_640x480_60_2000_h264_nvenc.mp4,2.49,640,480,60,2000,3.41,4.05,2.85,5.04,2.98,2.49,3.02,2.04,3.84,2.15,ffxv
ffxv_30_640x480_60_300_h264_nvenc.mp4,1.36,640,480,60,300,1.89,1.98,2.07,4.69,1.79,1.36,1.42,1.5,3.56,1.3,ffxv
ffxv_30_640x480_60_6000_h264_nvenc.mp4,3.01,640,480,60,6000,4.01,5.27,3.11,5.47,4.02,3.01,4.05,2.24,4.21,3.01,ffxv
Fortnite_30_1280x720_20_1000_h264_nvenc.mp4,2.65,1280,720,20,1000,3.6,3.84,3.3,4.14,4.11,2.65,2.84,2.41,3.11,3.08,Fortnite
Fortnite_30_1280x720_20_2000_h264_nvenc.mp4,2.97,1280,720,20,2000,3.97,4.46,3.48,4.14,4.21,2.97,3.37,2.55,3.11,3.17,Fortnite
Fortnite_30_1280x720_20_300_h264_nvenc.mp4,1.51,1280,720,20,300,2.05,2.16,2.37,4.4,1.97,1.51,1.59,1.7,3.34,1.42,Fortnite
Fortnite_30_1280x720_20_6000_h264_nvenc.mp4,3.41,1280,720,20,6000,4.51,5.21,4.53,3.92,4.36,3.41,3.98,3.43,2.92,3.28,Fortnite
Fortnite_30_1280x720_60_2000_h264_nvenc.mp4,2.95,1280,720,60,2000,3.94,3.92,3.67,5.28,3.83,2.95,2.92,2.74,4.05,2.86,Fortnite
Fortnite_30_1280x720_60_4000_h264_nvenc.mp4,3.67,1280,720,60,4000,4.77,4.84,3.76,5.41,5.05,3.67,3.67,2.78,4.17,3.86,Fortnite
Fortnite_30_1280x720_60_50000_h264_nvenc.mp4,4.18,1280,720,60,50000,5.43,5.74,5.23,5.66,5.7,4.18,4.41,4.01,4.34,4.37,Fortnite
Fortnite_30_1280x720_60_6000_h264_nvenc.mp4,3.92,1280,720,60,6000,5.07,5.35,4.23,5.71,5.32,3.92,4.11,3.2,4.37,4.07,Fortnite
Fortnite_30_1920x1080_20_1000_h264_nvenc.mp4,2.07,1920,1080,20,1000,2.87,2.91,3.07,4.54,2.63,2.07,2.12,2.25,3.44,1.89,Fortnite
Fortnite_30_1920x1080_20_2000_h264_nvenc.mp4,2.69,1920,1080,20,2000,3.63,3.67,3.82,4.35,4.04,2.69,2.7,2.84,3.28,3.05,Fortnite
Fortnite_30_1920x1080_20_300_h264_nvenc.mp4,1.61,1920,1080,20,300,2.23,2.25,2.77,4.63,2.48,1.61,1.69,2.02,3.52,1.8,Fortnite
Fortnite_30_1920x1080_20_6000_h264_nvenc.mp4,4.05,1920,1080,20,6000,5.26,5.51,5.79,4.43,5.27,4.05,4.21,4.45,3.34,4.04,Fortnite
Fortnite_30_1920x1080_60_2000_h264_nvenc.mp4,2.54,1920,1080,60,2000,3.44,2.92,3.78,5.38,3.53,2.54,2.13,2.81,4.14,2.62,Fortnite
Fortnite_30_1920x1080_60_4000_h264_nvenc.mp4,3.26,1920,1080,60,4000,4.3,4.31,4.33,5.24,4.8,3.26,3.26,3.26,4.05,3.66,Fortnite
Fortnite_30_1920x1080_60_50000_h264_nvenc.mp4,4.58,1920,1080,60,50000,6.06,6.1,5.89,5.89,6.22,4.58,4.61,4.45,4.46,4.67,Fortnite
Fortnite_30_1920x1080_60_6000_h264_nvenc.mp4,3.74,1920,1080,60,6000,4.87,4.9,4.57,5.54,5.36,3.74,3.73,3.48,4.28,4.12,Fortnite
Fortnite_30_30_1280x720_30_1000_h264_nvenc.mp4,2.52,1280,720,30,1000,3.44,3.35,3.57,5.36,3.58,2.52,2.46,2.64,4.12,2.65,Fortnite
Fortnite_30_30_1280x720_30_2000_h264_nvenc.mp4,3.33,1280,720,30,2000,4.39,4.51,3.98,5.31,4.9,3.33,3.41,2.99,4.08,3.73,Fortnite
Fortnite_30_30_1280x720_30_4000_h264_nvenc.mp4,3.56,1280,720,30,4000,4.64,5.25,4.59,5.18,5.05,3.56,4.02,3.5,3.99,3.87,Fortnite
Fortnite_30_30_1280x720_30_50000_h264_nvenc.mp4,4.08,1280,720,30,50000,5.3,5.51,4.94,5.63,5.51,4.08,4.24,3.77,4.33,4.23,Fortnite
Fortnite_30_30_1920x1080_30_1000_h264_nvenc.mp4,2.09,1920,1080,30,1000,2.91,2.76,3.22,4.99,2.76,2.09,2.01,2.35,3.83,2.02,Fortnite
Fortnite_30_30_1920x1080_30_2000_h264_nvenc.mp4,2.86,1920,1080,30,2000,3.85,3.83,4.02,5.15,3.8,2.86,2.84,3.01,3.97,2.84,Fortnite
Fortnite_30_30_1920x1080_30_4000_h264_nvenc.mp4,3.66,1920,1080,30,4000,4.77,4.75,4.57,5.33,5.15,3.66,3.61,3.47,4.11,3.96,Fortnite
Fortnite_30_30_1920x1080_30_50000_h264_nvenc.mp4,4.41,1920,1080,30,50000,5.76,5.83,5.83,5.76,5.91,4.41,4.46,4.44,4.41,4.51,Fortnite
GTA5_30_1280x720_20_1000_h264_nvenc.mp4,2.29,1280,720,20,1000,3.17,3.08,3.25,3.78,3.22,2.29,2.23,2.35,2.8,2.35,GTA5
GTA5_30_1280x720_20_2000_h264_nvenc.mp4,2.84,1280,720,20,2000,3.81,4.43,3.82,3.77,3.97,2.84,3.33,2.83,2.82,2.97,GTA5
GTA5_30_1280x720_20_300_h264_nvenc.mp4,1.35,1280,720,20,300,1.86,1.85,2.31,4.07,1.85,1.35,1.36,1.68,3.06,1.36,GTA5
GTA5_30_1280x720_20_6000_h264_nvenc.mp4,3.16,1280,720,20,6000,4.2,5.57,4.9,4,4.58,3.16,4.29,3.74,2.98,3.47,GTA5
GTA5_30_1280x720_60_2000_h264_nvenc.mp4,2.83,1280,720,60,2000,3.79,3.87,3.52,5.09,4.05,2.83,2.88,2.6,3.91,3.02,GTA5
GTA5_30_1280x720_60_4000_h264_nvenc.mp4,3.61,1280,720,60,4000,4.72,5.63,3.9,5.7,5.45,3.61,4.31,2.89,4.35,4.19,GTA5
GTA5_30_1280x720_60_50000_h264_nvenc.mp4,3.58,1280,720,60,50000,4.68,5.55,4.43,5.42,5.1,3.58,4.27,3.35,4.16,3.9,GTA5
GTA5_30_1280x720_60_6000_h264_nvenc.mp4,3.46,1280,720,60,6000,4.54,5.05,4.45,5.33,5.08,3.46,3.86,3.36,4.07,3.87,GTA5
GTA5_30_1920x1080_20_1000_h264_nvenc.mp4,2.03,1920,1080,20,1000,2.81,2.83,3.15,3.37,3,2.03,2.04,2.3,2.48,2.21,GTA5
GTA5_30_1920x1080_20_2000_h264_nvenc.mp4,2.44,1920,1080,20,2000,3.35,3.19,3.47,3.78,3.74,2.44,2.31,2.55,2.82,2.77,GTA5
GTA5_30_1920x1080_20_300_h264_nvenc.mp4,1.62,1920,1080,20,300,2.23,2.47,3.04,4.57,2.44,1.62,1.84,2.22,3.48,1.79,GTA5
GTA5_30_1920x1080_20_6000_h264_nvenc.mp4,3.29,1920,1080,20,6000,4.33,5.57,5.7,3.4,4.45,3.29,4.26,4.36,2.5,3.37,GTA5
GTA5_30_1920x1080_60_2000_h264_nvenc.mp4,2.5,1920,1080,60,2000,3.43,3.05,3.56,5.21,3.81,2.5,2.22,2.63,3.98,2.84,GTA5
GTA5_30_1920x1080_60_4000_h264_nvenc.mp4,2.9,1920,1080,60,4000,3.87,4.01,3.87,5.32,4.27,2.9,2.98,2.89,4.09,3.22,GTA5
GTA5_30_1920x1080_60_50000_h264_nvenc.mp4,4.25,1920,1080,60,50000,5.57,5.83,5.53,5.47,5.63,4.25,4.46,4.22,4.17,4.28,GTA5
GTA5_30_1920x1080_60_6000_h264_nvenc.mp4,3.46,1920,1080,60,6000,4.55,4.57,4.45,5.38,4.85,3.46,3.45,3.34,4.13,3.68,GTA5
GTA5_30_30_1280x720_30_1000_h264_nvenc.mp4,2.25,1280,720,30,1000,3.11,3.07,3.15,4.42,3.47,2.25,2.21,2.28,3.34,2.56,GTA5
GTA5_30_30_1280x720_30_2000_h264_nvenc.mp4,2.95,1280,720,30,2000,3.95,4.57,3.65,4.95,4.37,2.95,3.45,2.71,3.79,3.3,GTA5
GTA5_30_30_1280x720_30_4000_h264_nvenc.mp4,3.27,1280,720,30,4000,4.32,4.91,4.2,5.21,4.95,3.27,3.74,3.16,4.01,3.78,GTA5
GTA5_30_30_1280x720_30_50000_h264_nvenc.mp4,3.91,1280,720,30,50000,5.12,5.77,5.29,5.37,5.46,3.91,4.4,4.02,4.1,4.17,GTA5
GTA5_30_30_1920x1080_30_1000_h264_nvenc.mp4,2.12,1920,1080,30,1000,2.93,2.68,3.11,4.7,2.9,2.12,1.94,2.28,3.59,2.12,GTA5
GTA5_30_30_1920x1080_30_2000_h264_nvenc.mp4,2.58,1920,1080,30,2000,3.5,3.47,3.88,4.65,4.03,2.58,2.56,2.9,3.53,3.01,GTA5
GTA5_30_30_1920x1080_30_4000_h264_nvenc.mp4,3.46,1920,1080,30,4000,4.55,4.71,4.15,5.39,4.94,3.46,3.57,3.12,4.15,3.78,GTA5
GTA5_30_30_1920x1080_30_50000_h264_nvenc.mp4,3.83,1920,1080,30,50000,5,5.51,5.69,4.48,5.08,3.83,4.21,4.35,3.38,3.88,GTA5
GTA5_30_30_1920x1080_30_6000_h264_nvenc.mp4,3.458782453,1920,1080,30,6000,4.546666667,4.573333333,4.446666667,5.38,4.846666667,3.458782453,3.4514432,3.343457053,4.129153507,3.68288756,GTA5
LoL_TF_30s_1_20_1920x1080_20_1000_h264_nvenc.mp4,2.99,1920,1080,20,1000,4,3.69,4.17,4.35,3.71,2.99,2.71,3.13,3.29,2.76,LoL_TF
LoL_TF_30s_1_20_1920x1080_20_2000_h264_nvenc.mp4,3.35,1920,1080,20,2000,4.42,4.43,4.7,4.09,4.28,3.35,3.34,3.56,3.06,3.22,LoL_TF
LoL_TF_30s_1_20_1920x1080_20_300_h264_nvenc.mp4,1.8,1920,1080,20,300,2.52,2.35,3.09,3.87,2.41,1.8,1.66,2.23,2.88,1.72,LoL_TF
LoL_TF_30s_1_20_1920x1080_20_50000_h264_nvenc.mp4,4.06,1920,1080,20,50000,5.29,5.33,5.62,5.08,5.14,4.06,4.09,4.32,3.87,3.93,LoL_TF
LoL_TF_30s_1_30_1280x720_30_1000_h264_nvenc.mp4,3.26,1280,720,30,1000,4.31,4.51,3.65,5.16,4.02,3.26,3.41,2.67,3.94,3.01,LoL_TF
LoL_TF_30s_1_30_1280x720_30_2000_h264_nvenc.mp4,3.2,1280,720,30,2000,4.23,4.76,3.9,4.74,4.24,3.2,3.63,2.89,3.61,3.2,LoL_TF
LoL_TF_30s_1_30_1280x720_30_4000_h264_nvenc.mp4,3.43,1280,720,30,4000,4.52,5,4.49,4.7,4.74,3.43,3.82,3.4,3.57,3.61,LoL_TF
LoL_TF_30s_1_30_1280x720_30_50000_h264_nvenc.mp4,3.9,1280,720,30,50000,5.1,5.6,4.99,5.13,5.32,3.9,4.26,3.75,3.89,4.04,LoL_TF
LoL_TF_30s_1_30_1920x1080_30_2000_h264_nvenc.mp4,3.59,1920,1080,30,2000,4.7,4.37,5.17,5.09,4.9,3.59,3.28,3.95,3.88,3.73,LoL_TF
LoL_TF_30s_1_30_1920x1080_30_4000_h264_nvenc.mp4,3.92,1920,1080,30,4000,5.08,5.11,5.57,5.34,5.41,3.92,3.91,4.27,4.1,4.16,LoL_TF
LoL_TF_30s_1_30_1920x1080_30_50000_h264_nvenc.mp4,4.26,1920,1080,30,50000,5.57,5.65,5.86,5.52,5.88,4.26,4.31,4.48,4.2,4.48,LoL_TF
LoL_TF_30s_1_30_1920x1080_30_6000_h264_nvenc.mp4,4.49,1920,1080,30,6000,5.9,5.8,6.13,5.83,5.94,4.49,4.39,4.65,4.42,4.49,LoL_TF
LoL_TF_30s_1_30_640x480_30_1000_h264_nvenc.mp4,2.6,640,480,30,1000,3.54,4.2,2.93,4.64,3.27,2.6,3.14,2.13,3.53,2.39,LoL_TF
LoL_TF_30s_1_30_640x480_30_2000_h264_nvenc.mp4,2.64,640,480,30,2000,3.6,5.16,2.98,4.96,3.68,2.64,3.93,2.13,3.78,2.71,LoL_TF
LoL_TF_30s_1_30_640x480_30_300_h264_nvenc.mp4,1.87,640,480,30,300,2.57,3.28,2.16,4.26,2.44,1.87,2.42,1.54,3.2,1.76,LoL_TF
LoL_TF_30s_1_30_640x480_30_50000_h264_nvenc.mp4,2.46,640,480,30,6000,3.39,4.77,2.6,4.73,3.21,2.46,3.61,1.83,3.6,2.34,LoL_TF
LoL_TF_30s_1280x720_60_1000_h264_nvenc.mp4,2.98,1280,720,60,1000,3.98,4.26,3.36,5.01,3.87,2.98,3.21,2.46,3.84,2.89,LoL_TF
LoL_TF_30s_1280x720_60_2000_h264_nvenc.mp4,3.29,1280,720,60,2000,4.34,4.5,3.87,5.08,4.45,3.29,3.41,2.88,3.88,3.37,LoL_TF
LoL_TF_30s_1280x720_60_4000_h264_nvenc.mp4,3.67,1280,720,60,4000,4.79,5.28,4.5,5.23,4.95,3.67,4.05,3.41,3.99,3.8,LoL_TF
LoL_TF_30s_1280x720_60_50000_h264_nvenc.mp4,4.03,1280,720,60,50000,5.26,5.69,4.83,5.33,5.45,4.03,4.34,3.64,4.05,4.16,LoL_TF
LoL_TF_30s_1920x1080_60_2000_h264_nvenc.mp4,3.59,1920,1080,60,2000,4.7,4.19,4.64,5.14,4.51,3.59,3.13,3.52,3.93,3.41,LoL_TF
LoL_TF_30s_1920x1080_60_4000_h264_nvenc.mp4,4.18,1920,1080,60,4000,5.44,5.27,5.54,5.49,5.67,4.18,4,4.24,4.21,4.34,LoL_TF
LoL_TF_30s_1920x1080_60_50000_h264_nvenc.mp4,4.56,1920,1080,60,50000,6,6.19,6.14,5.93,5.99,4.56,4.68,4.65,4.49,4.53,LoL_TF
LoL_TF_30s_1920x1080_60_6000_h264_nvenc.mp4,4.21,1920,1080,60,6000,5.5,5.51,5.88,5.7,5.73,4.21,4.19,4.48,4.33,4.36,LoL_TF
LoL_TF_30s_640x480_60_1000_h264_nvenc.mp4,2.66,640,480,60,1000,3.6,4.31,2.74,4.77,3.38,2.66,3.26,1.97,3.64,2.49,LoL_TF
LoL_TF_30s_640x480_60_2000_h264_nvenc.mp4,2.63,640,480,60,2000,3.59,5.01,2.92,5.1,3.57,2.63,3.82,2.13,3.9,2.64,LoL_TF
LoL_TF_30s_640x480_60_300_h264_nvenc.mp4,1.77,640,480,60,300,2.4,3.07,2.13,4.03,2.2,1.77,2.29,1.53,3.05,1.6,LoL_TF
LoL_TF_30s_640x480_60_50000_h264_nvenc.mp4,2.99,640,480,60,6000,3.99,4.88,3.09,5.15,3.96,2.99,3.7,2.24,3.94,2.96,LoL_TF
maplestory_30_1280x720_60_1000_h264_nvenc.mp4,1.92,1280,720,60,1000,2.7,2.59,2.96,5.15,2.36,1.92,1.85,2.15,3.94,1.67,maplestory
maplestory_30_1280x720_60_2000_h264_nvenc.mp4,2.84,1280,720,60,2000,3.82,4.28,3.99,4.67,3.45,2.84,3.23,2.98,3.54,2.55,maplestory
maplestory_30_1280x720_60_4000_h264_nvenc.mp4,3.15,1280,720,60,4000,4.18,4.55,4.09,4.84,4.15,3.15,3.45,3.08,3.68,3.13,maplestory
maplestory_30_1280x720_60_50000_h264_nvenc.mp4,3.83,1280,720,60,50000,4.98,5.38,4.65,5.02,5.2,3.83,4.13,3.52,3.84,3.99,maplestory
maplestory_30_1920x1080_60_2000_h264_nvenc.mp4,2.41,1920,1080,60,2000,3.31,3.02,3.92,4.76,3.16,2.41,2.16,2.93,3.61,2.3,maplestory
maplestory_30_1920x1080_60_4000_h264_nvenc.mp4,3.36,1920,1080,60,4000,4.43,4.1,4.51,4.95,4.63,3.36,3.06,3.42,3.77,3.51,maplestory
maplestory_30_1920x1080_60_50000_h264_nvenc.mp4,4.15,1920,1080,60,50000,5.41,5.78,5.89,4.9,5.42,4.15,4.43,4.52,3.73,4.14,maplestory
maplestory_30_1920x1080_60_6000_h264_nvenc.mp4,3.57,1920,1080,60,6000,4.66,4.6,4.92,5.05,4.9,3.57,3.48,3.77,3.86,3.75,maplestory
maplestory_30_30fps_1280x720_30_1000_h264_nvenc.mp4,2.43,1280,720,30,1000,3.35,3.58,3.43,4.75,3.12,2.43,2.64,2.5,3.61,2.29,maplestory
maplestory_30_30fps_1280x720_30_2000_h264_nvenc.mp4,3.19,1280,720,30,2000,4.23,4.42,4.12,4.74,4.25,3.19,3.34,3.1,3.6,3.2,maplestory
maplestory_30_30fps_1280x720_30_4000_h264_nvenc.mp4,3.35,1280,720,30,4000,4.41,5.09,4.35,4.45,4.2,3.35,3.9,3.29,3.36,3.17,maplestory
maplestory_30_30fps_1280x720_30_50000_h264_nvenc.mp4,3.81,1280,720,30,50000,4.96,5.58,5.2,4.74,5.05,3.81,4.29,3.97,3.59,3.86,maplestory
maplestory_30_30fps_1920x1080_30_2000_h264_nvenc.mp4,3.11,1920,1080,30,2000,4.13,4.19,4.17,4.85,4.04,3.11,3.14,3.14,3.7,3.03,maplestory
maplestory_30_30fps_1920x1080_30_4000_h264_nvenc.mp4,3.64,1920,1080,30,4000,4.75,4.84,4.92,4.94,4.47,3.64,3.71,3.76,3.76,3.39,maplestory
maplestory_30_30fps_1920x1080_30_50000_h264_nvenc.mp4,3.9,1920,1080,30,50000,5.08,5.62,5.62,4.76,5.21,3.9,4.31,4.31,3.62,3.98,maplestory
maplestory_30_30fps_1920x1080_30_6000_h264_nvenc.mp4,3.88,1920,1080,30,6000,5.05,5.02,5.63,4.7,5.17,3.88,3.83,4.32,3.56,3.96,maplestory
maplestory_30_30fps_640x480_30_1000_h264_nvenc.mp4,2.23,640,480,30,1000,3.1,3.96,2.84,4.57,2.59,2.23,2.96,2.01,3.46,1.85,maplestory
maplestory_30_30fps_640x480_30_2000_h264_nvenc.mp4,2.51,640,480,30,2000,3.43,4.77,2.81,4.74,3.25,2.51,3.62,1.99,3.58,2.37,maplestory
maplestory_30_30fps_640x480_30_300_h264_nvenc.mp4,1.58,640,480,30,300,2.22,2.72,2.27,4.66,2.17,1.58,1.94,1.6,3.52,1.54,maplestory
maplestory_30_30fps_640x480_30_6000_h264_nvenc.mp4,2.73,640,480,30,6000,3.69,5.22,3.17,4.93,3.66,2.73,3.99,2.29,3.75,2.72,maplestory
maplestory_30_640x480_60_1000_h264_nvenc.mp4,2.24,640,480,60,1000,3.11,3.91,2.9,4.58,2.85,2.24,2.91,2.08,3.47,2.04,maplestory
maplestory_30_640x480_60_2000_h264_nvenc.mp4,2.47,640,480,60,2000,3.4,4.4,2.67,4.8,3.25,2.47,3.32,1.88,3.65,2.36,maplestory
maplestory_30_640x480_60_300_h264_nvenc.mp4,1.42,640,480,60,300,1.99,2.13,2.16,4.67,2.02,1.42,1.51,1.55,3.56,1.44,maplestory
maplestory_30_640x480_60_6000_h264_nvenc.mp4,2.65,640,480,60,6000,3.6,4.93,3.08,5.06,3.3,2.65,3.75,2.22,3.86,2.41,maplestory
Minecraft_30_1280x720_20_1000_h264_nvenc.mp4,2.91,1280,720,20,1000,3.91,4.12,3.6,4.57,3.99,2.91,3.08,2.66,3.47,2.98,Minecraft
Minecraft_30_1280x720_20_2000_h264_nvenc.mp4,2.98,1280,720,20,2000,3.98,4.52,3.89,4.02,4.07,2.98,3.41,2.89,3,3.07,Minecraft
Minecraft_30_1280x720_20_300_h264_nvenc.mp4,1.75,1280,720,20,300,2.41,2.46,2.86,4.87,2.45,1.75,1.83,2.07,3.71,1.76,Minecraft
Minecraft_30_1280x720_20_6000_h264_nvenc.mp4,3.33,1280,720,20,6000,4.39,5.13,4.88,4.24,4.69,3.33,3.92,3.74,3.19,3.57,Minecraft
Minecraft_30_1280x720_60_2000_h264_nvenc.mp4,3.19,1280,720,60,2000,4.22,4.78,3.84,5.02,4.47,3.19,3.64,2.86,3.83,3.39,Minecraft
Minecraft_30_1280x720_60_4000_h264_nvenc.mp4,4.01,1280,720,60,4000,5.19,5.59,4.64,5.66,5.51,4.01,4.29,3.54,4.36,4.23,Minecraft
Minecraft_30_1280x720_60_50000_h264_nvenc.mp4,3.78,1280,720,60,50000,4.92,5.51,4.77,5.21,5.37,3.78,4.23,3.63,3.99,4.12,Minecraft
Minecraft_30_1280x720_60_6000_h264_nvenc.mp4,3.66,1280,720,60,6000,4.77,5.1,4.48,5.33,5.21,3.66,3.91,3.41,4.08,4,Minecraft
Minecraft_30_1920x1080_20_1000_h264_nvenc.mp4,2.51,1920,1080,20,1000,3.43,3.38,3.6,4.38,3.38,2.51,2.48,2.65,3.31,2.49,Minecraft
Minecraft_30_1920x1080_20_2000_h264_nvenc.mp4,3.26,1920,1080,20,2000,4.29,4.16,4.2,4.83,4.77,3.26,3.14,3.16,3.68,3.63,Minecraft
Minecraft_30_1920x1080_20_300_h264_nvenc.mp4,1.47,1920,1080,20,300,2.03,2.08,2.36,4.49,2.18,1.47,1.51,1.71,3.39,1.58,Minecraft
Minecraft_30_1920x1080_20_6000_h264_nvenc.mp4,3.6,1920,1080,20,6000,4.72,5.39,5.48,3.88,4.91,3.6,4.14,4.21,2.88,3.74,Minecraft
Minecraft_30_1920x1080_60_2000_h264_nvenc.mp4,2.64,1920,1080,60,2000,3.57,3.51,3.37,5.2,3.48,2.64,2.57,2.49,3.99,2.58,Minecraft
Minecraft_30_1920x1080_60_4000_h264_nvenc.mp4,3.45,1920,1080,60,4000,4.53,4.51,4.74,5.35,4.95,3.45,3.41,3.62,4.09,3.78,Minecraft
Minecraft_30_1920x1080_60_50000_h264_nvenc.mp4,4.26,1920,1080,60,50000,5.56,5.63,5.6,5.56,5.88,4.26,4.3,4.28,4.22,4.47,Minecraft
Minecraft_30_1920x1080_60_6000_h264_nvenc.mp4,3.78,1920,1080,60,6000,4.95,5.01,4.94,5.34,4.99,3.78,3.8,3.76,4.07,3.8,Minecraft
Minecraft_30_30_1280x720_30_1000_h264_nvenc.mp4,3.05,1280,720,30,1000,4.07,4.73,3.41,5.11,4.68,3.05,3.59,2.49,3.89,3.56,Minecraft
Minecraft_30_30_1280x720_30_2000_h264_nvenc.mp4,3.15,1280,720,30,2000,4.18,4.69,3.91,4.95,4.69,3.15,3.56,2.92,3.79,3.58,Minecraft
Minecraft_30_30_1280x720_30_4000_h264_nvenc.mp4,3.47,1280,720,30,4000,4.55,5,4.55,4.86,4.89,3.47,3.81,3.46,3.73,3.74,Minecraft
Minecraft_30_30_1280x720_30_50000_h264_nvenc.mp4,3.9,1280,720,30,50000,5.06,5.52,5.05,5.23,5.71,3.9,4.21,3.82,3.97,4.36,Minecraft
Minecraft_30_30_1920x1080_30_1000_h264_nvenc.mp4,2.42,1920,1080,30,1000,3.32,2.99,3.63,4.87,3.56,2.42,2.15,2.67,3.71,2.66,Minecraft
Minecraft_30_30_1920x1080_30_2000_h264_nvenc.mp4,3.03,1920,1080,30,2000,4.04,4.09,4.26,4.85,3.91,3.03,3.07,3.21,3.71,2.95,Minecraft
Minecraft_30_30_1920x1080_30_4000_h264_nvenc.mp4,3.5,1920,1080,30,4000,4.57,4.73,4.54,4.64,4.71,3.5,3.61,3.45,3.54,3.59,Minecraft
Minecraft_30_30_1920x1080_30_50000_h264_nvenc.mp4,3.81,1920,1080,30,50000,5,5.64,5.65,4.34,4.86,3.81,4.32,4.33,3.28,3.68,Minecraft
Overwatch_2_30_1280x720_60_1000_h264_nvenc.mp4,1.96,1280,720,60,1000,2.75,2.53,3.29,5.14,2.69,1.96,1.8,2.4,3.95,1.92,Overwatch
Overwatch_2_30_1280x720_60_2000_h264_nvenc.mp4,2.71,1280,720,60,2000,3.68,3.75,3.49,5.2,3.69,2.71,2.77,2.55,4,2.74,Overwatch
Overwatch_2_30_1280x720_60_4000_h264_nvenc.mp4,3.52,1280,720,60,4000,4.6,4.9,4.25,4.92,4.62,3.52,3.8,3.28,3.8,3.58,Overwatch
Overwatch_2_30_1280x720_60_50000_h264_nvenc.mp4,4.12,1280,720,60,50000,5.35,5.73,5.32,5.13,5.57,4.12,4.4,4.09,3.92,4.28,Overwatch
Overwatch_2_30_1920x1080_60_2000_h264_nvenc.mp4,2.11,1920,1080,60,2000,2.95,2.74,3.49,5.12,3.03,2.11,1.99,2.6,3.95,2.23,Overwatch
Overwatch_2_30_1920x1080_60_4000_h264_nvenc.mp4,3.32,1920,1080,60,4000,4.38,4.18,4.44,5.02,4.64,3.32,3.13,3.37,3.83,3.54,Overwatch
Overwatch_2_30_1920x1080_60_50000_h264_nvenc.mp4,4.41,1920,1080,60,50000,5.72,5.93,5.78,5.29,5.85,4.41,4.54,4.43,4.05,4.5,Overwatch
Overwatch_2_30_1920x1080_60_6000_h264_nvenc.mp4,3.82,1920,1080,60,6000,4.95,5.15,5.09,5.17,5.24,3.82,3.94,3.91,3.96,4.03,Overwatch
Overwatch_2_30_640x480_60_1000_h264_nvenc.mp4,2.45,640,480,60,1000,3.36,4.12,2.93,5.15,3.3,2.45,3.15,2.12,3.95,2.43,Overwatch
Overwatch_2_30_640x480_60_2000_h264_nvenc.mp4,3.06,640,480,60,2000,4.08,4.9,3.2,5.15,4.15,3.06,3.73,2.35,3.94,3.13,Overwatch
Overwatch_2_30_640x480_60_300_h264_nvenc.mp4,1.28,640,480,60,300,1.71,1.85,2.05,5.19,1.76,1.28,1.39,1.52,3.98,1.32,Overwatch
Overwatch_2_30_640x480_60_6000_h264_nvenc.mp4,3.23,640,480,60,6000,4.27,5.32,3.65,5.29,4.76,3.23,4.06,2.71,4.05,3.62,Overwatch
Overwatch_30_30fps_1280x720_30_1000_h264_nvenc.mp4,2.42,1280,720,30,1000,3.34,3.16,3.27,5.13,3.2,2.42,2.29,2.38,3.93,2.33,Overwatch
Overwatch_30_30fps_1280x720_30_2000_h264_nvenc.mp4,3.3,1280,720,30,2000,4.34,4.52,4,4.98,4.36,3.3,3.42,2.99,3.79,3.31,Overwatch
Overwatch_30_30fps_1280x720_30_4000_h264_nvenc.mp4,3.73,1280,720,30,4000,4.85,5.52,4.78,5.04,5.07,3.73,4.24,3.65,3.86,3.9,Overwatch
Overwatch_30_30fps_1280x720_30_50000_h264_nvenc.mp4,3.9,1280,720,30,50000,5.1,5.66,5.13,4.83,5.36,3.9,4.34,3.93,3.66,4.09,Overwatch
Overwatch_30_30fps_1920x1080_30_2000_h264_nvenc.mp4,2.55,1920,1080,30,2000,3.5,3.47,3.94,4.86,3.42,2.55,2.53,2.95,3.71,2.51,Overwatch
Overwatch_30_30fps_1920x1080_30_4000_h264_nvenc.mp4,3.96,1920,1080,30,4000,5.15,5,5.2,5.18,5.38,3.96,3.81,3.98,3.97,4.14,Overwatch
Overwatch_30_30fps_1920x1080_30_50000_h264_nvenc.mp4,4.24,1920,1080,30,50000,5.5,5.62,5.58,4.88,5.44,4.24,4.36,4.33,3.79,4.22,Overwatch
Overwatch_30_30fps_1920x1080_30_6000_h264_nvenc.mp4,4.12,1920,1080,30,6000,5.34,5.63,5.51,5.23,5.62,4.12,4.33,4.23,4.01,4.32,Overwatch
Overwatch_30_30fps_640x480_30_1000_h264_nvenc.mp4,2.72,640,480,30,1000,3.67,4.72,3,4.92,3.83,2.72,3.56,2.16,3.74,2.87,Overwatch
Overwatch_30_30fps_640x480_30_2000_h264_nvenc.mp4,3.01,640,480,30,2000,4.02,5.29,3.17,4.86,4.05,3.01,4.04,2.28,3.7,3.04,Overwatch
Overwatch_30_30fps_640x480_30_300_h264_nvenc.mp4,1.49,640,480,30,300,2.09,2.25,2.43,4.8,2.18,1.49,1.61,1.75,3.66,1.57,Overwatch
Overwatch_30_30fps_640x480_30_6000_h264_nvenc.mp4,3.16,640,480,30,6000,4.18,5.13,3.62,4.77,4.57,3.16,3.91,2.68,3.64,3.47,Overwatch
R5Apex_30_1280x720_60_1000_h264_nvenc.mp4,1.88,1280,720,60,1000,2.66,2.4,3.37,4.93,2.47,1.88,1.69,2.48,3.75,1.74,R5Apex
R5Apex_30_1280x720_60_2000_h264_nvenc.mp4,2.56,1280,720,60,2000,3.5,3.19,3.7,4.88,3.12,2.56,2.3,2.73,3.71,2.25,R5Apex
R5Apex_30_1280x720_60_4000_h264_nvenc.mp4,3.13,1280,720,60,4000,4.15,4.33,4.13,5.16,4.26,3.13,3.26,3.09,3.95,3.21,R5Apex
R5Apex_30_1280x720_60_50000_h264_nvenc.mp4,3.94,1280,720,60,50000,5.15,5.7,5.16,5.2,5.38,3.94,4.38,3.94,3.96,4.12,R5Apex
R5Apex_30_1920x1080_60_2000_h264_nvenc.mp4,2.15,1920,1080,60,2000,3,2.5,4.25,5.01,2.65,2.15,1.77,3.21,3.81,1.88,R5Apex
R5Apex_30_1920x1080_60_4000_h264_nvenc.mp4,2.95,1920,1080,60,4000,3.94,3.51,4.4,4.83,3.77,2.95,2.57,3.32,3.66,2.82,R5Apex
R5Apex_30_1920x1080_60_50000_h264_nvenc.mp4,4.18,1920,1080,60,50000,5.45,5.52,5.82,5.34,5.51,4.18,4.24,4.47,4.09,4.23,R5Apex
R5Apex_30_1920x1080_60_6000_h264_nvenc.mp4,3.19,1920,1080,60,6000,4.22,3.84,4.7,5.02,4.1,3.19,2.86,3.58,3.83,3.1,R5Apex
R5Apex_30_30fps_1280x720_30_1000_h264_nvenc.mp4,2.06,1280,720,30,1000,2.9,2.66,3,4.98,2.5,2.06,1.89,2.16,3.81,1.77,R5Apex
R5Apex_30_30fps_1280x720_30_2000_h264_nvenc.mp4,2.81,1280,720,30,2000,3.78,3.57,3.88,4.82,3.77,2.81,2.62,2.89,3.67,2.82,R5Apex
R5Apex_30_30fps_1280x720_30_4000_h264_nvenc.mp4,3.38,1280,720,30,4000,4.45,5.07,4.5,4.65,4.55,3.38,3.9,3.41,3.51,3.45,R5Apex
R5Apex_30_30fps_1280x720_30_50000_h264_nvenc.mp4,3.71,1280,720,30,50000,4.84,5.24,5.1,4.8,4.91,3.71,4.01,3.9,3.66,3.74,R5Apex
R5Apex_30_30fps_1920x1080_30_2000_h264_nvenc.mp4,2.44,1920,1080,30,2000,3.35,2.92,4.35,5.01,2.96,2.44,2.1,3.28,3.83,2.14,R5Apex
R5Apex_30_30fps_1920x1080_30_4000_h264_nvenc.mp4,3.22,1920,1080,30,4000,4.26,3.71,4.85,5.13,4.49,3.22,2.74,3.71,3.92,3.41,R5Apex
R5Apex_30_30fps_1920x1080_30_50000_h264_nvenc.mp4,4,1920,1080,30,50000,5.19,5.3,5.44,4.96,5.2,4,4.06,4.17,3.8,3.99,R5Apex
R5Apex_30_30fps_1920x1080_30_6000_h264_nvenc.mp4,3.66,1920,1080,30,6000,4.78,4.67,4.87,5.05,4.74,3.66,3.56,3.71,3.86,3.6,R5Apex
R5Apex_30_30fps_640x480_30_1000_h264_nvenc.mp4,2.11,640,480,30,1000,2.96,3.91,2.75,4.96,2.59,2.11,2.92,1.94,3.78,1.84,R5Apex
R5Apex_30_30fps_640x480_30_2000_h264_nvenc.mp4,2.46,640,480,30,2000,3.38,4.49,3.03,4.93,3.1,2.46,3.39,2.17,3.75,2.25,R5Apex
R5Apex_30_30fps_640x480_30_300_h264_nvenc.mp4,1.43,640,480,30,300,1.99,2.28,2.06,5.38,1.93,1.43,1.65,1.47,4.12,1.4,R5Apex
R5Apex_30_30fps_640x480_30_6000_h264_nvenc.mp4,2.83,640,480,30,6000,3.81,5.19,3.28,4.78,3.4,2.83,3.97,2.39,3.63,2.5,R5Apex
R5Apex_30_640x480_60_1000_h264_nvenc.mp4,2.1,640,480,60,1000,2.95,3.34,2.95,5,2.58,2.1,2.43,2.1,3.82,1.82,R5Apex
R5Apex_30_640x480_60_2000_h264_nvenc.mp4,2.39,640,480,60,2000,3.31,4.37,2.8,5.4,3.25,2.39,3.29,1.99,4.14,2.37,R5Apex
R5Apex_30_640x480_60_300_h264_nvenc.mp4,1.26,640,480,60,300,1.72,1.87,2.12,4.79,1.77,1.26,1.37,1.55,3.66,1.31,R5Apex
R5Apex_30_640x480_60_6000_h264_nvenc.mp4,2.67,640,480,60,6000,3.63,5.15,3.13,5.08,3.59,2.67,3.93,2.25,3.88,2.65,R5Apex
RaymanLegends_30_1280x720_60_1000_h264_nvenc.mp4,1.98,1280,720,60,1000,2.8,2.6,2.95,5.41,2.85,1.98,1.86,2.12,4.15,2.06,RaymanLegends
RaymanLegends_30_1280x720_60_2000_h264_nvenc.mp4,2.74,1280,720,60,2000,3.71,3.54,3.49,4.94,3.5,2.74,2.59,2.57,3.77,2.58,RaymanLegends
RaymanLegends_30_1280x720_60_4000_h264_nvenc.mp4,3.16,1280,720,60,4000,4.19,4.31,4.16,4.97,4.35,3.16,3.25,3.13,3.79,3.29,RaymanLegends
RaymanLegends_30_1280x720_60_50000_h264_nvenc.mp4,3.9,1280,720,60,50000,5.06,5.69,4.6,5.48,5.32,3.9,4.37,3.5,4.2,4.08,RaymanLegends
RaymanLegends_30_1920x1080_60_2000_h264_nvenc.mp4,2.36,1920,1080,60,2000,3.26,2.92,3.69,4.8,2.98,2.36,2.1,2.74,3.63,2.15,RaymanLegends
RaymanLegends_30_1920x1080_60_4000_h264_nvenc.mp4,3,1920,1080,60,4000,3.97,3.54,4.1,4.66,4.06,3,2.59,3.08,3.54,3.05,RaymanLegends
RaymanLegends_30_1920x1080_60_50000_h264_nvenc.mp4,4.18,1920,1080,60,50000,5.43,5.59,5.53,5.17,5.27,4.18,4.29,4.25,3.95,4.05,RaymanLegends
RaymanLegends_30_1920x1080_60_6000_h264_nvenc.mp4,3.45,1920,1080,60,6000,4.53,4.39,4.72,4.78,4.59,3.45,3.31,3.61,3.62,3.5,RaymanLegends
RaymanLegends_30_30fps_1280x720_30_1000_h264_nvenc.mp4,2.32,1280,720,30,1000,3.2,3.24,3.57,4.65,3.09,2.32,2.35,2.63,3.53,2.23,RaymanLegends
RaymanLegends_30_30fps_1280x720_30_2000_h264_nvenc.mp4,2.97,1280,720,30,2000,3.97,4.13,3.87,4.77,3.9,2.97,3.08,2.89,3.64,2.92,RaymanLegends
RaymanLegends_30_30fps_1280x720_30_4000_h264_nvenc.mp4,3.13,1280,720,30,4000,4.16,5.05,4.08,4.19,3.93,3.13,3.87,3.06,3.15,2.95,RaymanLegends
RaymanLegends_30_30fps_1280x720_30_50000_h264_nvenc.mp4,3.46,1280,720,30,50000,4.55,5.56,4.5,4.62,4.64,3.46,4.25,3.41,3.49,3.52,RaymanLegends
RaymanLegends_30_30fps_1920x1080_30_2000_h264_nvenc.mp4,2.87,1920,1080,30,2000,3.86,3.29,3.94,4.83,3.57,2.87,2.4,2.93,3.67,2.66,RaymanLegends
RaymanLegends_30_30fps_1920x1080_30_4000_h264_nvenc.mp4,3.36,1920,1080,30,4000,4.41,4.46,5,4.42,4.3,3.36,3.38,3.83,3.35,3.26,RaymanLegends
RaymanLegends_30_30fps_1920x1080_30_50000_h264_nvenc.mp4,4,1920,1080,30,50000,5.19,5.83,5.66,4.68,5.01,4,4.47,4.35,3.55,3.83,RaymanLegends
RaymanLegends_30_30fps_1920x1080_30_6000_h264_nvenc.mp4,3.76,1920,1080,30,6000,4.88,5.37,5.13,4.47,4.61,3.76,4.11,3.92,3.38,3.52,RaymanLegends
RaymanLegends_30_30fps_640x480_30_1000_h264_nvenc.mp4,2.3,640,480,30,1000,3.19,4.35,2.89,4.73,3.05,2.3,3.29,2.08,3.59,2.21,RaymanLegends
RaymanLegends_30_30fps_640x480_30_2000_h264_nvenc.mp4,2.68,640,480,30,2000,3.63,4.94,2.87,4.58,3.74,2.68,3.74,2.13,3.55,2.86,RaymanLegends
RaymanLegends_30_30fps_640x480_30_300_h264_nvenc.mp4,1.59,640,480,30,300,2.23,2.36,2.25,4.98,2.22,1.59,1.68,1.6,3.82,1.59,RaymanLegends
RaymanLegends_30_30fps_640x480_30_6000_h264_nvenc.mp4,2.98,640,480,30,6000,3.98,4.82,3.56,4.75,4.27,2.98,3.64,2.63,3.6,3.23,RaymanLegends
RaymanLegends_30_640x480_60_1000_h264_nvenc.mp4,2.22,640,480,60,1000,3.08,3.78,2.8,5.02,2.96,2.22,2.8,2,3.83,2.14,RaymanLegends
RaymanLegends_30_640x480_60_2000_h264_nvenc.mp4,2.57,640,480,60,2000,3.5,4.84,2.68,5.02,3.79,2.57,3.66,1.92,3.84,2.84,RaymanLegends
RaymanLegends_30_640x480_60_300_h264_nvenc.mp4,1.31,640,480,60,300,1.78,1.97,2.18,4.78,2.09,1.31,1.45,1.58,3.65,1.52,RaymanLegends
RaymanLegends_30_640x480_60_6000_h264_nvenc.mp4,2.99,640,480,60,6000,3.99,5.24,3.28,5.19,4.05,2.99,4.01,2.4,3.98,3.04,RaymanLegends
Tekken_30_1280x720_20_1000_h264_nvenc.mp4,2.19,1280,720,20,1000,3.05,2.78,3.41,4.03,3.23,2.19,1.97,2.5,3,2.36,Tekken
Tekken_30_1280x720_20_2000_h264_nvenc.mp4,2.8,1280,720,20,2000,3.77,4.09,3.59,3.77,3.91,2.8,3.06,2.65,2.8,2.9,Tekken
Tekken_30_1280x720_20_300_h264_nvenc.mp4,1.73,1280,720,20,300,2.41,2.28,2.73,4.16,2.55,1.73,1.66,1.98,3.13,1.87,Tekken
Tekken_30_1280x720_20_6000_h264_nvenc.mp4,3.14,1280,720,20,6000,4.17,5.53,5.35,3.75,4.29,3.14,4.25,4.12,2.77,3.22,Tekken
Tekken_30_1280x720_60_2000_h264_nvenc.mp4,2.57,1280,720,60,2000,3.51,3.37,3.57,5.15,3.74,2.57,2.46,2.63,3.94,2.78,Tekken
Tekken_30_1280x720_60_4000_h264_nvenc.mp4,3.37,1280,720,60,4000,4.45,4.31,4.41,5.65,4.73,3.37,3.23,3.31,4.35,3.59,Tekken
Tekken_30_1280x720_60_50000_h264_nvenc.mp4,3.74,1280,720,60,50000,4.85,5.45,4.97,5.08,5.41,3.74,4.17,3.79,3.88,4.16,Tekken
Tekken_30_1280x720_60_6000_h264_nvenc.mp4,3.54,1280,720,60,6000,4.63,5.19,4.27,5.27,5.06,3.54,3.96,3.2,4.02,3.88,Tekken
Tekken_30_1920x1080_20_1000_h264_nvenc.mp4,1.92,1920,1080,20,1000,2.67,2.73,3.13,4.66,3.25,1.92,1.99,2.29,3.54,2.42,Tekken
Tekken_30_1920x1080_20_2000_h264_nvenc.mp4,2.45,1920,1080,20,2000,3.37,3.31,4.17,4.19,3.73,2.45,2.4,3.15,3.13,2.77,Tekken
Tekken_30_1920x1080_20_300_h264_nvenc.mp4,1.85,1920,1080,20,300,2.59,2.37,2.94,4.11,2.47,1.85,1.69,2.12,3.08,1.78,Tekken
Tekken_30_1920x1080_20_6000_h264_nvenc.mp4,3.72,1920,1080,20,6000,4.91,5.75,5.74,4.13,4.65,3.72,4.38,4.38,3.04,3.47,Tekken
Tekken_30_1920x1080_60_2000_h264_nvenc.mp4,2.35,1920,1080,60,2000,3.24,2.87,3.4,5.11,3.27,2.35,2.07,2.49,3.92,2.4,Tekken
Tekken_30_1920x1080_60_4000_h264_nvenc.mp4,3.14,1920,1080,60,4000,4.17,3.8,4.59,5.34,4.49,3.14,2.81,3.49,4.1,3.4,Tekken
Tekken_30_1920x1080_60_50000_h264_nvenc.mp4,4.33,1920,1080,60,50000,5.71,5.97,5.83,5.64,5.77,4.33,4.53,4.45,4.28,4.38,Tekken
Tekken_30_1920x1080_60_6000_h264_nvenc.mp4,3.4,1920,1080,60,6000,4.46,4.21,4.79,5.75,4.89,3.4,3.16,3.66,4.41,3.74,Tekken
Tekken_30_30_1280x720_30_1000_h264_nvenc.mp4,2.24,1280,720,30,1000,3.09,2.6,3.08,5.47,3.51,2.24,1.86,2.22,4.21,2.6,Tekken
Tekken_30_30_1280x720_30_2000_h264_nvenc.mp4,2.89,1280,720,30,2000,3.87,3.87,4,5.33,4.34,2.89,2.87,3,4.09,3.27,Tekken
Tekken_30_30_1280x720_30_4000_h264_nvenc.mp4,3.26,1280,720,30,4000,4.28,4.79,4.15,5.21,4.63,3.26,3.64,3.14,4,3.55,Tekken
Tekken_30_30_1280x720_30_50000_h264_nvenc.mp4,4.01,1280,720,30,50000,5.21,5.8,4.85,5.54,5.43,4.01,4.46,3.68,4.24,4.18,Tekken
Tekken_30_30_1920x1080_30_1000_h264_nvenc.mp4,2.24,1920,1080,30,1000,3.08,2.57,3.55,5.05,3.1,2.24,1.85,2.62,3.85,2.27,Tekken
Tekken_30_30_1920x1080_30_2000_h264_nvenc.mp4,2.38,1920,1080,30,2000,3.27,3.11,3.95,4.99,3.88,2.38,2.25,2.95,3.81,2.89,Tekken
Tekken_30_30_1920x1080_30_4000_h264_nvenc.mp4,3.18,1920,1080,30,4000,4.21,4.17,4.49,4.85,4.38,3.18,3.13,3.42,3.69,3.32,Tekken
Tekken_30_30_1920x1080_30_50000_h264_nvenc.mp4,4.45113417,1920,1080,30,50000,5.833333333,6.04,6.126666667,5.6,5.98,4.451134173,4.576615787,4.634147507,4.25981856,4.54572804,Tekken
Worms_30s_1280x720_60_1000_h264_nvenc.mp4,2.13,1280,720,60,1000,2.93,2.56,3.12,4.63,2.74,2.13,1.84,2.28,3.5,1.99,Worms
Worms_30s_1280x720_60_2000_h264_nvenc.mp4,3.02,1280,720,60,2000,4.03,3.47,3.63,4.81,3.63,3.02,2.54,2.68,3.65,2.69,Worms
Worms_30s_1280x720_60_4000_h264_nvenc.mp4,3.38,1280,720,60,4000,4.45,4.21,4.28,5.08,4.4,3.38,3.16,3.23,3.88,3.34,Worms
Worms_30s_1280x720_60_50000_h264_nvenc.mp4,3.8,1280,720,60,50000,4.94,5.24,4.41,5.4,5.24,3.8,4,3.32,4.13,4.02,Worms
Worms_30s_1920x1080_60_2000_h264_nvenc.mp4,2.75,1920,1080,60,2000,3.71,2.75,4.6,5.22,3.33,2.75,1.96,3.49,4,2.44,Worms
Worms_30s_1920x1080_60_4000_h264_nvenc.mp4,3.27,1920,1080,60,4000,4.34,3.55,4.99,4.77,4.22,3.27,2.61,3.79,3.6,3.18,Worms
Worms_30s_1920x1080_60_50000_h264_nvenc.mp4,4.3,1920,1080,60,50000,5.62,5.57,5.78,5.76,5.72,4.3,4.25,4.39,4.39,4.36,Worms
Worms_30s_1920x1080_60_6000_h264_nvenc.mp4,3.67,1920,1080,60,6000,4.83,4.05,5.17,5.16,4.72,3.67,3,3.92,3.93,3.57,Worms
Worms_30s_20_1920x1080_20_1000_h264_nvenc.mp4,2.57,1920,1080,20,1000,3.51,2.67,4.3,3.98,2.83,2.57,1.9,3.23,2.99,2.04,Worms
Worms_30s_20_1920x1080_20_2000_h264_nvenc.mp4,2.98,1920,1080,20,2000,3.99,3.48,4.53,4.24,3.68,2.98,2.54,3.43,3.19,2.73,Worms
Worms_30s_20_1920x1080_20_300_h264_nvenc.mp4,1.56,1920,1080,20,300,2.17,2,2.45,3.15,2.12,1.56,1.43,1.76,2.33,1.51,Worms
Worms_30s_20_1920x1080_20_50000_h264_nvenc.mp4,3.82,1920,1080,20,50000,5.01,5.26,5.65,4.81,4.98,3.82,3.98,4.32,3.62,3.75,Worms
Worms_30s_30_1280x720_30_1000_h264_nvenc.mp4,2.42,1280,720,30,1000,3.33,3.01,3.14,4.91,3.37,2.42,2.15,2.28,3.75,2.45,Worms
Worms_30s_30_1280x720_30_2000_h264_nvenc.mp4,2.99,1280,720,30,2000,4.01,3.93,3.45,4.33,3.63,2.99,2.92,2.52,3.26,2.67,Worms
Worms_30s_30_1280x720_30_4000_h264_nvenc.mp4,3.56,1280,720,30,4000,4.66,4.89,4.29,4.99,4.78,3.56,3.73,3.22,3.81,3.62,Worms
Worms_30s_30_1280x720_30_50000_h264_nvenc.mp4,3.55,1280,720,30,50000,4.65,4.98,4.57,4.77,4.45,3.55,3.81,3.47,3.62,3.38,Worms
Worms_30s_30_1920x1080_30_2000_h264_nvenc.mp4,2.98,1920,1080,30,2000,3.99,2.97,4.83,4.89,4.03,2.98,2.13,3.67,3.74,3.02,Worms
Worms_30s_30_1920x1080_30_4000_h264_nvenc.mp4,3.67,1920,1080,30,4000,4.81,4.25,5.27,5.06,5.08,3.67,3.17,4.03,3.85,3.87,Worms
Worms_30s_30_1920x1080_30_50000_h264_nvenc.mp4,4.16,1920,1080,30,50000,5.45,5.52,5.72,5.54,5.57,4.16,4.2,4.36,4.22,4.24,Worms
Worms_30s_30_1920x1080_30_6000_h264_nvenc.mp4,3.77,1920,1080,30,6000,4.91,4.85,5.32,4.96,5,3.77,3.7,4.09,3.79,3.82,Worms
Worms_30s_30_640x480_30_1000_h264_nvenc.mp4,2.21,640,480,30,1000,3.06,3.32,2.85,3.97,2.61,2.21,2.43,2.04,2.97,1.87,Worms
Worms_30s_30_640x480_30_2000_h264_nvenc.mp4,2.39,640,480,30,2000,3.29,4.05,2.53,4.51,3.18,2.39,3.04,1.78,3.43,2.3,Worms
Worms_30s_30_640x480_30_300_h264_nvenc.mp4,1.8,640,480,30,300,2.47,3.03,2.36,4.65,2.36,1.8,2.24,1.67,3.54,1.72,Worms
Worms_30s_30_640x480_30_50000_h264_nvenc.mp4,2.66,640,480,30,6000,3.6,4.13,2.73,4.48,2.99,2.66,3.12,1.95,3.4,2.16,Worms
Worms_30s_640x480_60_1000_h264_nvenc.mp4,2.16,640,480,60,1000,2.98,3.34,2.6,4.51,2.88,2.16,2.45,1.86,3.41,2.08,Worms
Worms_30s_640x480_60_2000_h264_nvenc.mp4,2.5,640,480,60,2000,3.42,4.59,2.86,5.06,3.91,2.5,3.47,2.04,3.85,2.94,Worms
Worms_30s_640x480_60_300_h264_nvenc.mp4,1.61,640,480,60,300,2.23,2.27,2.09,4.28,2.16,1.61,1.63,1.48,3.24,1.58,Worms
Worms_30s_640x480_60_50000_h264_nvenc.mp4,2.42,640,480,60,6000,3.31,4.28,2.75,4.92,3.18,2.42,3.23,1.97,3.75,2.33,Worms