File,MOS,width,height,pixfmt,framerate,nb_frames,bitdepth,bitrate
ARKSuvivalEvolved-001.mp4,68.7144748573396,1280,720,yuv420p,30,270,8,3265656
AgeEmpires-001.mp4,55.3529347178452,1920,1080,yuv420p,29.97002997003,270,8,4834347
AgeEmpires-004.mp4,80.0455684448318,1920,1080,yuv420p,30.0022223868435,270,8,8128431
AgeEmpires-005.mp4,68.2757927506307,1920,1080,yuv420p,30,270,8,4700196
AgeEmpires-006.mp4,81.0831136022115,1920,1080,yuv420p,29.97002997003,270,8,1665750
AnimalCrossing-006.mp4,86.6480576981243,1280,720,yuv420p,59.9955558847493,540,8,5913383
AnimalCrossing-007.mp4,90.8126542468479,1280,720,yuv420p,59.9955558847493,540,8,6115576
AnimalCrossing-008.mp4,95.9543135037814,1920,1080,yuv420p,59.9935381500442,544,8,5567953
AnimalCrossing-010.mp4,62.6641094024112,1280,720,yuv420p,30,274,8,2688687
AnimalCrossing-015.mp4,83.8852164776274,1280,720,yuv420p,29.9988889300396,270,8,4057460
AnimalCrossing-017.mp4,79.1915813535566,1280,720,yuv420p,29.9988889300396,270,8,5079570
AnimalCrossing-018.mp4,80.7640744912008,1280,720,yuv420p,29.9988889300396,270,8,5061077
ApexLegends-001.mp4,55.6351145117281,854,480,yuv420p,29.97002997003,270,8,991267
ApexLegends-002.mp4,62.8817971292544,1920,1080,yuv420p,60.0021702173834,540,8,6531440
ApexLegends-004.mp4,50.7099654319019,854,480,yuv420p,29.97,270,8,1110026
ApexLegends-005.mp4,64.4176937822765,1280,720,yuv420p,29.97002997003,270,8,2227208
ApexLegends-006.mp4,38.4645166021768,640,360,yuv420p,30,270,8,607552
ApexLegends-007.mp4,74.330298798627,1920,1080,yuv420p,60,540,8,5283508
ApexLegends-008.mp4,75.8638157062875,1920,1080,yuvj420p,59.997786059555,542,8,6000402
ApexLegends-009.mp4,86.1946133597912,1920,1080,yuv420p,60.0022223045298,540,8,8693725
ApexLegends-010.mp4,68.5175533133215,1280,720,yuv420p,60,540,8,6000606
ApexLegends-011.mp4,70.6189883876092,1280,720,yuv420p,60.0022264276968,539,8,5949489
ApexLegends-012.mp4,81.2496777094504,1280,720,yuv420p,60,540,8,6050435
ApexLegends-013.mp4,80.5102942988598,1920,1080,yuvj420p,60.0022223045298,540,8,5719886
AssassinCreed-001.mp4,51.7468503375068,640,360,yuv420p,30,270,8,587452
AssassinCreed-011.mp4,54.8583072477913,1280,720,yuv420p,29.97,259,8,2269227
AssassinCreed-012.mp4,52.1727496485919,1280,720,yuv420p,29.97,256,8,2081125
AssassinCreed-013.mp4,63.9925291198836,1280,720,yuv420p,29.97,267,8,2117687
AssassinCreed-014.mp4,56.9901044663743,1280,720,yuv420p,29.97,264,8,2167586
AssassinCreed-015.mp4,59.1827896107668,1280,720,yuv420p,29.97,290,8,2199781
AssassinCreed-016.mp4,55.5864679155763,1280,720,yuv420p,29.97,250,8,2053951
CSGO-002.mp4,46.1083768637497,1920,1080,yuv420p,60,540,8,4886903
CSGO-003.mp4,65.2553375943695,1280,720,yuv420p,30.0022223868435,270,8,3503362
CSGO-007.mp4,84.0749612043147,1920,1080,yuv420p,60.0022223045298,540,8,5762119
CSGO-008.mp4,84.6198869218688,1920,1080,yuv420p,60,495,8,18981031
CSGO-009.mp4,27.2411927488799,640,360,yuv420p,29.97002997003,270,8,609292
CSGO-010.mp4,32.9486141263961,640,360,yuv420p,29.9699190812185,270,8,647327
CSGO-011.mp4,30.4033328460068,640,360,yuv420p,29.9699190812185,270,8,581028
CSGO-015.mp4,83.0958036507495,1280,720,yuv420p,60,510,8,6265412
CSGO-018.mp4,60.3541547861019,1920,1080,yuv420p,29.97002997003,270,8,4361091
CSGO-019.mp4,67.7356229493793,1280,720,yuv420p,60,540,8,6977506
CSGO-023.mp4,52.9699409592536,1280,720,yuv420p,29.97002997003,270,8,1432775
CSGO-026.mp4,42.9015692853206,640,360,yuv420p,30,270,8,621808
CSGO-028.mp4,59.3346771238088,854,480,yuv420p,29.97,270,8,5085036
CSGO-029.mp4,64.9995671674785,1280,720,yuv420p,30,270,8,2054917
CSGO-030.mp4,59.0772999955625,1280,720,yuv420p,30,270,8,2302901
CSGO-031.mp4,81.0677529516944,1920,1080,yuv420p,60,540,8,9230379
CSGO-032.mp4,51.4940081142243,640,360,yuv420p,29.97002997003,270,8,721999
CSGO-033.mp4,75.505756704507,1920,1080,yuv420p,29.97,270,8,7351832
CSGO-034.mp4,33.5995065842838,640,360,yuv420p,29.97002997003,270,8,638582
CSGO-035.mp4,32.7139551870542,640,360,yuv420p,29.97002997003,270,8,589408
CSGO-036.mp4,34.1276858934149,640,360,yuv420p,29.9699190812185,270,8,648231
CSGO-038.mp4,76.6805258974424,1920,1080,yuvj420p,60.0021702173834,540,8,6238752
CSGO-043.mp4,69.7668564142034,1920,1080,yuv420p,30,274,8,3653618
CSGO-046.mp4,74.6232767241373,1920,1080,yuv420p,30,274,8,3459185
CSGO-047.mp4,67.6288971338389,1920,1080,yuv420p,30.0022223868435,270,8,3427955
CSGO-048.mp4,80.4141756515265,1920,1080,yuv420p,29.9988889300396,270,8,3560149
CSGO-050.mp4,72.1802072534105,1920,1080,yuv420p,29.9988889300396,270,8,3520266
CSGO-051.mp4,69.8891322716152,1920,1080,yuv420p,30,274,8,3545345
CSGO-055.mp4,76.741792812693,1920,1080,yuv420p,60,540,8,8538363
CallofDuty-001.mp4,88.4775821002422,1920,1080,yuv420p,60,540,8,2520034
CallofDuty-002.mp4,85.0586618213629,1920,1080,yuv420p,59.9977737375237,539,8,6030698
CallofDuty-003.mp4,55.4854183521483,1280,720,yuv420p,30,271,8,1787511
CallofDuty-004.mp4,53.7393306551806,1280,720,yuv420p,59.940133866299,540,8,1423849
CallofDuty-005.mp4,36.1441307644557,640,360,yuv420p,30,270,8,652449
CallofDuty-006.mp4,51.089916709357,1920,1080,yuv420p,29.9988889300396,270,8,6035065
CallofDuty-008.mp4,39.0543126916317,1280,720,yuv420p,29.97002997003,270,8,2173423
CallofDuty-009.mp4,36.1368141279351,1280,720,yuv420p,29.97002997003,270,8,2275424
CallofDuty-010.mp4,36.1880573068586,1280,720,yuv420p,29.97002997003,272,8,2229126
CallofDuty-011.mp4,36.7714994384346,1280,720,yuv420p,29.97002997003,270,8,2204915
CallofDuty-012.mp4,19.03096818748,1280,720,yuv420p,29.97002997003,270,8,2202789
CallofDuty-013.mp4,73.9865487579799,1920,1080,yuv420p,60.0022223045298,540,8,5922844
CallofDuty-014.mp4,85.3359163069827,1920,1080,yuv420p,60.0022223045298,540,8,5615223
CallofDuty-015.mp4,62.4013094946536,1280,720,yuv420p,29.97002997003,270,8,2246114
CitiesSkylines-001.mp4,78.2759914354965,1920,1080,yuv420p,30,270,8,4192291
CitiesSkylines-008.mp4,72.8500912937655,1920,1080,yuv420p,29.97,270,8,3231907
Civilization-001.mp4,88.7041174571642,1920,1080,yuv420p,60,539,8,5443835
Civilization-006.mp4,79.6394215984497,1920,1080,yuv420p,30.0022223868435,270,8,3533502
Civilization-007.mp4,82.67664424794,1920,1080,yuv420p,30,274,8,3518379
Civilization-010.mp4,69.3217512664458,1920,1080,yuv420p,30.0022223868435,270,8,3561590
Civilization-011.mp4,77.8113208446564,1920,1080,yuv420p,30.0022223868435,270,8,3435754
Civilization-015.mp4,74.1254850627595,1920,1080,yuv420p,30.0022223868435,270,8,3501919
Civilization-016.mp4,87.856220520386,1920,1080,yuv420p,59.9376529793993,539,8,5327445
Civilization-017.mp4,81.4783220461466,1920,1080,yuv420p,59.9376529793993,539,8,5553606
Civilization-018.mp4,80.6489216356168,1920,1080,yuv420p,59.9355507842801,540,8,5397448
Civilization-019.mp4,85.9783576764909,1920,1080,yuv420p,59.9376529793993,539,8,5554108
Civilization-021.mp4,88.2777887909176,1920,1080,yuv420p,59.9404268551721,544,8,5544129
ClashClans-003.mp4,33.7068508284574,640,360,yuv420p,30,270,8,623704
ClashClans-004.mp4,43.7422884893633,1920,1080,yuv420p,29.97,270,8,6660072
CodeVein-002.mp4,84.1927584990434,1920,1080,yuv420p,60,544,8,9811068
CodeVein-003.mp4,87.9868506876514,1920,1080,yuv420p,60,544,8,14545642
CodeVein-004.mp4,88.9487946196298,1920,1080,yuv420p,29.97002997003,274,8,13346289
CodeVein-005.mp4,84.7863338028452,1920,1080,yuv420p,29.97002997003,274,8,12532199
CodeVein-006.mp4,87.7901564292279,1920,1080,yuv420p,60,544,8,10432342
CodeVein-007.mp4,76.9505770978984,1920,1080,yuv420p,30.3039175499209,276,8,11028964
CodeVein-011.mp4,85.7786810595306,1920,1080,yuv420p,60,546,8,17006443
CodeVein-012.mp4,85.9045219509744,1920,1080,yuv420p,60,545,8,13707747
CodeVein-013.mp4,81.4212416965789,1280,720,yuv420p,60.197571516773,546,8,9498832
CodeVein-015.mp4,79.8608591260767,1280,720,yuv420p,60.5282161816508,549,8,9587290
CodeVein-016.mp4,81.565832985208,1280,720,yuv420p,60.9198567887634,553,8,9610576
CodeVein-017.mp4,59.6226219186671,1920,1080,yuv420p,29.97002997003,275,8,10813980
CodeVein-019.mp4,78.8830448330049,1920,1080,yuv420p,29.97002997003,275,8,9092842
CrusaderKings-001.mp4,78.7555759071184,1920,1080,yuv420p,30,270,8,1813586
CultistSimulator-001.mp4,87.5417539625867,1920,1080,yuv420p,30,247,8,8638172
CultistSimulator-003.mp4,88.5697110576752,1920,1080,yuv420p,30.0606060606061,248,8,18020887
CultistSimulator-004.mp4,86.4206769274383,1920,1080,yuv420p,29.97002997003,249,8,6094111
CultistSimulator-005.mp4,94.526902023776,1920,1080,yuv420p,29.97002997003,247,8,3782677
CultistSimulator-006.mp4,92.0088834816947,1920,1080,yuv420p,29.97002997003,248,8,3633809
CultistSimulator-007.mp4,91.5719892896964,1920,1080,yuv420p,59.7546847960954,484,8,19418148
DOTA-001.mp4,46.1829379041824,1280,720,yuv420p,30,270,8,1481966
DOTA-002.mp4,54.3498720406939,1920,1080,yuv420p,29.97,270,8,13088748
DOTA-003.mp4,59.7507883667391,1280,720,yuv420p,30,270,8,1378744
DOTA-004.mp4,23.9791502906674,640,360,yuv420p,29.97002997003,270,8,455167
DOTA-005.mp4,18.5351346135321,640,360,yuv420p,29.97002997003,270,8,569261
DOTA-006.mp4,83.4568864990089,1920,1080,yuv420p,60.0022223045298,540,8,6033946
DarkSouls-001.mp4,66.9690624040924,1280,720,yuv420p,29.97002997003,270,8,2355440
DarkSouls-004.mp4,58.889864527623,1280,720,yuv420p,29.97002997003,270,8,1759523
DarkSouls-005.mp4,75.6740956450574,1280,720,yuv420p,29.97002997003,270,8,1482852
DarkSouls-051.mp4,65.3863711488221,1280,720,yuv420p,29.97002997003,243,8,2529215
DarkSouls-054.mp4,62.6899053702394,1280,720,yuv420p,29.97002997003,275,8,2469729
DarkSouls-055.mp4,65.9727889922712,1280,720,yuv420p,29.97002997003,280,8,1689659
DarkSouls-062.mp4,70.8461165887059,1280,720,yuv420p,29.97002997003,247,8,1270988
DarkSouls-063.mp4,72.8777071067867,1280,720,yuv420p,29.97002997003,248,8,1620378
DarkSouls-071.mp4,57.4459582569099,1920,1080,yuv420p,30,241,8,3896022
DarkSouls-072.mp4,44.4929294721172,1920,1080,yuv420p,30,291,8,4314264
Diablo-001.mp4,69.2889104370963,1920,1080,yuv420p,59.997786059555,542,8,5963488
Diablo-003.mp4,71.8715200061747,1920,1080,yuv420p,29.9988889300396,270,8,3516179
Diablo-004.mp4,85.885292196162,1920,1080,yuv420p,30.0022223868435,270,8,5168574
Diablo-005.mp4,75.2033320552172,1920,1080,yuv420p,30.0011029817273,272,8,4892195
Diablo-006.mp4,68.068818270497,1920,1080,yuv420p,29.9977942798324,272,8,5055710
ElderScrolls-002.mp4,33.1870577908917,640,360,yuv420p,29.97,270,8,941643
ElderScrolls-003.mp4,49.6585823326968,640,360,yuv420p,29.9166666666667,269,8,1016895
ElderScrolls-004.mp4,52.2621955699204,640,360,yuv420p,29.97,270,8,886534
FF-001.mp4,63.0285557756599,1280,720,yuv420p,29.97,270,8,628375
FF-002.mp4,79.0472279485673,1280,720,yuv420p,29.97,270,8,1133983
FF-003.mp4,57.1139454895774,1280,720,yuv420p,29.97,270,8,1521228
FF-004.mp4,62.3457376424796,1280,720,yuv420p,30,270,8,2523632
FF-005.mp4,72.1164743361393,1280,720,yuv420p,29.97,270,8,3443710
FF-007.mp4,63.8251109262196,1280,720,yuv420p,59.94,540,8,2813133
FF-008.mp4,58.8459352488603,640,360,yuv420p,59.94,539,8,1095397
FF-021.mp4,62.5904459443723,1280,720,yuv420p,30,289,8,2876470
FF-022.mp4,69.7746500948819,1280,720,yuv420p,30,265,8,2562458
FF-023.mp4,71.8138534567417,1280,720,yuv420p,30,269,8,2652780
FF-031.mp4,67.5462005694196,1280,720,yuv420p,29.97,268,8,1886930
FF-032.mp4,58.9493260685017,1280,720,yuv420p,29.97,252,8,1715828
FF-033.mp4,54.4772732745324,1280,720,yuv420p,29.97,284,8,2158521
FF-034.mp4,66.1960125282974,1280,720,yuv420p,29.97,246,8,1287485
FIFA-001.mp4,56.7950981371831,1280,720,yuv420p,29.97002997003,270,8,1601504
FIFA-002.mp4,75.5754569142177,1920,1080,yuv420p,30,270,8,3999440
FIFA-004.mp4,71.8689485862886,1920,1080,yuv420p,30,270,8,3529401
FIFA-005.mp4,66.4505743358616,1920,1080,yuv420p,30,270,8,3484133
FIFA-008.mp4,58.4276507226923,1280,720,yuv420p,30,270,8,1740046
FIFA-009.mp4,69.808349978955,1280,720,yuv420p,30,270,8,2311159
FIFA-010.mp4,66.0937380885663,1280,720,yuv420p,30,270,8,1652920
FIFA-011.mp4,73.6165830504591,1280,720,yuv420p,60.0022223045298,540,8,3508312
FIFA-012.mp4,69.1178259214538,1920,1080,yuv420p,30.0022223868435,270,8,3539544
FIFA-013.mp4,65.7651245964183,1280,720,yuv420p,29.97002997003,270,8,6301002
FIFA-014.mp4,40.8437132175233,1280,720,yuv420p,30,270,8,1310254
Fallout-001.mp4,19.0515469956565,640,360,yuv420p,30,241,8,829592
Fallout-003.mp4,4.52965333671591,640,360,yuv420p,30,265,8,808325
Fallout-004.mp4,29.4850216715264,640,360,yuv420p,30,271,8,812778
Fallout-005.mp4,21.96805921155,640,360,yuv420p,30,292,8,858280
Fallout-007.mp4,16.0098860520354,640,360,yuv420p,30,283,8,800082
Fallout-071.mp4,74.1962185485435,1920,1080,yuv420p,30,270,8,4416770
Fallout-072.mp4,71.0878645656437,1920,1080,yuv420p,30,254,8,4200456
Fallout-073.mp4,70.0479702684605,1920,1080,yuv420p,30,270,8,4358671
Fallout-074.mp4,78.4356107182267,1920,1080,yuv420p,30,260,8,4204781
Fallout-075.mp4,72.261597653326,1920,1080,yuv420p,30,265,8,3620303
Fallout-076.mp4,74.3209603376866,1920,1080,yuv420p,30,276,8,4037063
FireEmblem-001.mp4,69.9992057670904,1280,720,yuv420p,29.97,270,8,1610795
Fortnite-006.mp4,56.3238631491742,854,480,yuv420p,29.97002997003,270,8,1170559
Fortnite-014.mp4,53.77712139874,854,480,yuv420p,29.97,270,8,1166635
Fortnite-017.mp4,63.3959410607337,854,480,yuv420p,30,270,8,1253930
Fortnite-018.mp4,54.7514224941172,854,480,yuv420p,30,270,8,1190793
Fortnite-021.mp4,77.5512588270786,1920,1080,yuv420p,30,270,8,4479232
Fortnite-022.mp4,43.2953951155843,640,360,yuv420p,29.97002997003,270,8,594886
Fortnite-024.mp4,77.4236986374757,1280,720,yuv420p,59.9955558847493,540,8,3927980
Fortnite-028.mp4,66.6541427248526,854,480,yuv420p,30,270,8,1192639
Fortnite-029.mp4,72.3369934057392,1920,1080,yuv420p,59.9977737375237,539,8,6003732
Fortnite-032.mp4,56.3256831838134,1280,720,yuv420p,60,544,8,2518329
Fortnite-037.mp4,55.25527586271,1280,720,yuv420p,60,540,8,5631506
Fortnite-038.mp4,57.7396444297634,854,480,yuv420p,30,270,8,1200393
Fortnite-045.mp4,69.068160259156,1280,720,yuv420p,30,274,8,3077154
Fortnite-047.mp4,63.8899237415741,1920,1080,yuv420p,59.9955558847493,540,8,5929963
Fortnite-049.mp4,65.0298538896176,1280,720,yuv420p,60,494,8,7916324
Fortnite-051.mp4,78.9278654646522,1280,720,yuvj420p,59.997786059555,542,8,5964858
Fortnite-053.mp4,89.1355213844214,1920,1080,yuv420p,60.0021702173834,540,8,7018076
Fortnite-055.mp4,79.0500452262188,1920,1080,yuv420p,59.9978259136598,539,8,6150437
Fortnite-057.mp4,84.0599946337191,1280,720,yuvj420p,60.0022223045298,540,8,6240172
Fortnite-058.mp4,72.3449802381813,1280,720,yuvj420p,60.0022223045298,540,8,5958149
Fortnite-062.mp4,74.6319296761902,1280,720,yuvj420p,60.0022223045298,540,8,6145278
Fortnite-066.mp4,85.2006559436771,1920,1080,yuv420p,59.9977737375237,539,8,5959045
Fortnite-073.mp4,41.3795121545383,640,360,yuv420p,30,270,8,663896
Fortnite-075.mp4,62.8467031355147,854,480,yuv420p,29.97002997003,270,8,1207749
Fortnite-076.mp4,60.0095046426902,1920,1080,yuv420p,60,540,8,6218914
Fortnite-079.mp4,83.455821257575,1920,1080,yuv420p,59.9955558847493,540,8,5978956
Fortnite-080.mp4,65.6991008473755,1920,1080,yuv420p,59.9955558847493,540,8,5992956
Fortnite-084.mp4,58.9345963603511,640,360,yuv420p,30,270,8,587637
Fortnite-088.mp4,39.6356562119937,640,360,yuv420p,29.97,270,8,727930
Fortnite-093.mp4,52.8711375456913,1920,1080,yuv420p,30,270,8,7453199
Fortnite-099.mp4,69.7594618371246,1920,1080,yuv420p,60,544,8,10088913
ForzaHorizon-001.mp4,86.2194953745842,1280,720,yuv420p,29.97002997003,287,8,2285182
ForzaHorizon-002.mp4,82.9657001864594,1280,720,yuv420p,29.97002997003,256,8,2452939
ForzaHorizon-003.mp4,88.3021592860661,1280,720,yuv420p,29.97002997003,242,8,2368725
ForzaHorizon-005.mp4,47.3344539359617,640,360,yuv420p,59.94,521,8,572612
ForzaHorizon-008.mp4,43.560045509548,640,360,yuv420p,59.94,570,8,627848
ForzaHorizon-011.mp4,50.0608398783678,640,360,yuv420p,59.94,516,8,822794
ForzaHorizon-012.mp4,51.8409817360542,640,360,yuv420p,59.94,528,8,863433
ForzaHorizon-018.mp4,67.5567276971509,1920,1080,yuv420p,59.94,523,8,10531510
ForzaHorizon-019.mp4,88.8041158809604,1920,1080,yuv420p,59.94,494,8,8803992
ForzaHorizon-020.mp4,81.4806579989143,1920,1080,yuv420p,59.94,483,8,8580569
ForzaHorizon-021.mp4,74.8863920341154,1920,1080,yuv420p,59.94,519,8,9776797
ForzaHorizon-022.mp4,86.2836145794001,1920,1080,yuv420p,59.94,486,8,9031432
ForzaHorizon-023.mp4,91.084382418001,1920,1080,yuv420p,59.94,530,8,7777952
ForzaHorizon-040.mp4,85.9597894102628,1920,1080,yuv420p,29.97002997003,252,8,10258762
ForzaHorizon-041.mp4,84.3071501422929,1920,1080,yuv420p,29.97002997003,254,8,9667631
ForzaHorizon-042.mp4,81.1806247080298,1920,1080,yuv420p,29.97002997003,263,8,10024673
ForzaHorizon-043.mp4,81.1229517456059,1920,1080,yuv420p,29.97002997003,260,8,9939461
GTA-001.mp4,56.0167160826213,1280,720,yuv420p,30,270,8,1491207
GTA-003.mp4,73.5404977006372,1920,1080,yuv420p,30,270,8,4285037
GTA-004.mp4,69.740552960523,1920,1080,yuv420p,30,270,8,2355720
GTA-005.mp4,81.7861194774674,1920,1080,yuv420p,30,270,8,3127680
GTA-011.mp4,64.6774878171736,854,480,yuv420p,29.97002997003,270,8,441957
GTA-013.mp4,66.7869093873484,854,480,yuv420p,30,270,8,1105069
GTA-015.mp4,74.5107706603777,1280,720,yuv420p,29.97002997003,270,8,6588511
GTA-016.mp4,67.1194736922785,1280,720,yuv420p,29.97002997003,270,8,6516825
GTA-017.mp4,61.2864818730015,854,480,yuv420p,30,270,8,1119483
GTA-018.mp4,54.2968893691806,854,480,yuv420p,30,270,8,804423
GTA-023.mp4,66.9933288749516,1280,720,yuv420p,30,270,8,5286120
GTA-025.mp4,59.5280476209639,1280,720,yuv420p,29.97002997003,270,8,1595513
GTA-027.mp4,47.7557882663291,1280,720,yuv420p,30,270,8,3102350
GTA-028.mp4,76.1901431081451,1920,1080,yuv420p,59,501,8,6363774
GTA-031.mp4,67.0898737081756,1280,720,yuv420p,29.97002997003,270,8,6308512
GTA-040.mp4,68.6496839463132,1280,720,yuv420p,30,270,8,2350841
GTA-041.mp4,67.549448654013,1280,720,yuv420p,30,270,8,1738779
GTA-042.mp4,67.1472532518521,854,480,yuv420p,29.9443413729128,269,8,1180222
GTA-043.mp4,56.5943995578966,854,480,yuv420p,30,270,8,1193695
GTA-046.mp4,42.045540392364,640,360,yuv420p,29.97002997003,270,8,461535
GTA-048.mp4,53.8910237779692,1280,720,yuv420p,30,270,8,2353877
GTA-049.mp4,43.3177770302967,854,480,yuv420p,29.97002997003,270,8,1120629
GTA-050.mp4,88.047397700877,1920,1080,yuv420p,60,540,8,10626947
GTA-056.mp4,56.3611038278523,1280,720,yuv420p,29.97002997003,272,8,1968822
GTA-059.mp4,81.8954280570351,1920,1080,yuv420p,59.9955558847493,540,8,6002745
GTA-061.mp4,85.1544471622151,1920,1080,yuv420p,60,542,8,3908223
GTA-062.mp4,26.9786044382077,640,360,yuv420p,30,270,8,418864
GTA-064.mp4,61.6852638399787,1280,720,yuv420p,30,270,8,3000140
GenshinImpact-001.mp4,83.8218201165436,1920,1080,yuv420p,59.9975104767437,482,8,5959396
GenshinImpact-002.mp4,81.2921217389371,1920,1080,yuv420p,59.9975104767437,482,8,6337578
GenshinImpact-003.mp4,83.5656158958612,1920,1080,yuv420p,59.9975104767437,482,8,5906449
GenshinImpact-004.mp4,84.8589786826777,1920,1080,yuv420p,59.9975104767437,482,8,6248829
GenshinImpact-005.mp4,92.7762757119374,1920,1080,yuv420p,59.9975104767437,482,8,6176144
GenshinImpact-006.mp4,89.4718205956849,1920,1080,yuv420p,59.997786059555,542,8,6273090
GenshinImpact-007.mp4,86.3485627640432,1920,1080,yuv420p,59.9975104767437,482,8,5748315
Hearthstone-001.mp4,64.8781377328931,1280,720,yuv420p,29.97002997003,270,8,1828092
Hearthstone-003.mp4,62.5666926656043,1920,1080,yuv420p,30,270,8,5568236
Hearthstone-004.mp4,88.8455314993901,1920,1080,yuv420p,60.0022223045298,540,8,6511334
Hearthstone-005.mp4,74.8521537062913,1280,720,yuv420p,30.0022223868435,270,8,3252706
Hearthstone-007.mp4,60.9037530186752,1920,1080,yuv420p,29.9988889300396,270,8,1005383
Hearthstone-008.mp4,75.3269428792147,1920,1080,yuv420p,29.9988889300396,270,8,1009034
Hearthstone-009.mp4,88.0254910663946,1920,1080,yuv420p,60,540,8,3257990
Hearthstone-010.mp4,76.254823216857,1280,720,yuv420p,30,271,8,3220583
Hearthstone-012.mp4,78.1680704987081,1280,720,yuv420p,29.9988889300396,270,8,2525305
Hearthstone-013.mp4,60.5503245563124,1280,720,yuv420p,59.9443188825222,539,8,1618816
HorizonZeroDawn-001.mp4,59.2697416398655,1280,720,yuv420p,29.97002997003,257,8,2340565
HorizonZeroDawn-002.mp4,63.6186427647201,1920,1080,yuv420p,29.97002997003,289,8,4350787
HorizonZeroDawn-003.mp4,64.8742754640218,1920,1080,yuv420p,29.97002997003,257,8,4547160
HorizonZeroDawn-004.mp4,56.2808979847549,1920,1080,yuv420p,29.97002997003,267,8,3536965
HorizonZeroDawn-005.mp4,78.8843611799028,1920,1080,yuv420p,30,252,8,2244355
HorizonZeroDawn-006.mp4,61.155785051285,1920,1080,yuv420p,30,244,8,4275961
HorizonZeroDawn-007.mp4,51.0866110801834,1920,1080,yuv420p,29.97002997003,265,8,4494099
HorizonZeroDawn-008.mp4,58.5460530311005,1920,1080,yuv420p,29.97002997003,272,8,4354436
HorizonZeroDawn-009.mp4,75.0831356856481,1920,1080,yuv420p,30,254,8,4643123
ImperatorRome-001.mp4,87.1699471225005,1920,1080,yuv420p,30,270,8,2104368
Kenshi-002.mp4,72.5728227882917,1920,1080,yuv420p,29.97002997003,275,8,8997951
Kenshi-003.mp4,70.6706331606569,1920,1080,yuv420p,29.97002997003,275,8,12753453
Kenshi-004.mp4,66.6284352206552,1920,1080,yuv420p,29.97002997003,275,8,8852181
Kenshi-005.mp4,67.1310443801705,1920,1080,yuv420p,60,545,8,15917960
Kenshi-006.mp4,57.7902128850674,1280,720,yuv420p,31.9917327206165,291,8,4937240
Kenshi-007.mp4,69.5004098537481,1280,720,yuv420p,31.8144086359664,290,8,5063803
Kenshi-008.mp4,58.4661135110361,1280,720,yuv420p,32.0536276217379,292,8,5022822
Kenshi-009.mp4,65.591959529656,1280,720,yuv420p,31.7888661971056,289,8,4911901
Kenshi-010.mp4,55.8137889565502,1280,720,yuv420p,31.8347074889964,291,8,5009583
KibyStar-001.mp4,57.9278585142929,1280,720,yuv420p,30.3041181662542,272,8,2014818
KibyStar-002.mp4,49.8507090530876,1280,720,yuv420p,30.3041181662542,272,8,2128137
KibyStar-003.mp4,66.414986343191,1280,720,yuv420p,30.1927059671136,271,8,2083091
KibyStar-004.mp4,55.5872261577388,1280,720,yuv420p,30.3041181662542,272,8,1778437
KibyStar-005.mp4,71.5685059326877,1280,720,yuv420p,30,272,8,2296096
KibyStar-006.mp4,72.1443305179924,1280,720,yuv420p,59.94,539,8,3336927
LOL-001.mp4,55.6495444148046,854,480,yuv420p,29.97,270,8,665400
LOL-002.mp4,68.6817123663355,1280,720,yuv420p,60,542,8,1664137
LOL-005.mp4,85.0707527526429,1280,720,yuv420p,59.997786059555,542,8,6059146
LOL-006.mp4,85.9363340313066,1920,1080,yuv420p,60.0022223045298,540,8,6087061
LOL-008.mp4,94.7392592204519,1920,1080,yuv420p,60.0022223045298,540,8,6146008
LOL-009.mp4,94.5517267975539,1920,1080,yuv420p,60.0022223045298,540,8,6045288
LOL-010.mp4,94.8187746105528,1920,1080,yuv420p,59.9977737375237,539,8,6094519
LOL-013.mp4,89.8372217235934,1920,1080,yuv420p,60.0022223045298,540,8,6013032
LOL-016.mp4,90.1540834311136,1920,1080,yuv420p,59.9977737375237,539,8,6070519
LOL-017.mp4,89.4978464900067,1920,1080,yuv420p,60.0022223045298,540,8,6162886
LOL-018.mp4,93.5883717565462,1920,1080,yuv420p,60.0022223045298,540,8,5993779
LOL-019.mp4,89.8239399686999,1920,1080,yuvj420p,60.0022223045298,540,8,5578216
LOL-020.mp4,90.2849708415421,1920,1080,yuvj420p,60.0022223045298,540,8,5579123
LOL-021.mp4,86.1434224101209,1920,1080,yuv420p,59.9977737375237,539,8,5050707
LOL-022.mp4,89.3092896497729,1920,1080,yuv420p,59.9955558847493,540,8,5024178
LOL-024.mp4,79.1821963178235,1280,720,yuv420p,59.9955558847493,540,8,5503099
LOL-025.mp4,79.0322331871104,1280,720,yuv420p,59.9955558847493,540,8,5510469
LOL-027.mp4,73.9046213720568,1280,720,yuv420p,29.977022977023,270,8,7947742
LOL-028.mp4,64.4844939528681,1280,720,yuv420p,30,270,8,1471568
LOL-029.mp4,50.9445574009596,640,360,yuv420p,30,270,8,453103
LOL-030.mp4,80.4121208683556,1920,1080,yuv420p,60,540,8,5130469
LOL-032.mp4,82.3084994633195,1920,1080,yuvj420p,60.0064632421059,544,8,5998038
LOL-033.mp4,47.01263383564,854,480,yuv420p,30,270,8,1020614
LOL-035.mp4,53.6738649124891,854,480,yuv420p,30,270,8,852528
LOL-036.mp4,59.9461777354605,1280,720,yuv420p,29.97002997003,270,8,2265149
LOL-037.mp4,45.5324239676787,854,480,yuv420p,29.97002997003,270,8,761473
LOL-038.mp4,55.0501492034509,640,360,yuv420p,29.97002997003,270,8,835558
LOL-041.mp4,39.3202602798244,640,360,yuv420p,30,270,8,882025
LOL-042.mp4,33.7402694785377,640,360,yuv420p,30,271,8,870046
LOL-045.mp4,33.1210750950535,640,360,yuv420p,29.97,270,8,840858
LOL-050.mp4,71.4064391498205,1920,1080,yuv420p,29.97002997003,270,8,6484098
LOL-051.mp4,41.4686072422347,640,360,yuv420p,30,270,8,2670447
LegendZeldaBreathWild-001.mp4,64.6584362827176,1280,720,yuv420p,30,274,8,1747395
LegendZeldaBreathWild-002.mp4,68.3722849005367,1280,720,yuv420p,30,274,8,2223250
LegendZeldaBreathWild-003.mp4,62.6779186970637,1280,720,yuv420p,30,274,8,2286485
LegendZeldaBreathWild-004.mp4,63.7078473286167,1280,720,yuv420p,29.9967926558947,274,8,1893342
LegendZeldaBreathWild-005.mp4,71.1048368057495,1280,720,yuv420p,30,274,8,1950868
LegendZeldaBreathWild-006.mp4,59.9269788704924,1280,720,yuv420p,29.9967926558947,274,8,2295028
LegendZeldaBreathWild-008.mp4,68.6428577981369,1280,720,yuv420p,29.9989149698,270,8,2287815
LegendZeldaBreathWild-009.mp4,58.0179888386248,1280,720,yuv420p,30,274,8,2101186
LegendZeldaBreathWild-011.mp4,80.816068614709,1280,720,yuv420p,30,270,8,3324891
LegendZeldaBreathWild-012.mp4,70.6296974320272,1280,720,yuv420p,30,274,8,2962149
LegendZeldaBreathWild-013.mp4,64.6531588024921,1280,720,yuv420p,30,270,8,3742024
LegendZeldaBreathWild-015.mp4,57.7656352542986,1280,720,yuv420p,29.9989149698,270,8,2491031
Minecraft-001.mp4,72.4381219945697,1920,1080,yuv420p,29.97002997003,270,8,4222908
Minecraft-002.mp4,59.4951393025235,1280,720,yuv420p,30,270,8,2277149
Minecraft-003.mp4,61.0915473852674,1280,720,yuv420p,29.97002997003,270,8,2253951
Minecraft-004.mp4,53.3012128864884,1920,1080,yuv420p,29.97002997003,270,8,4253677
Minecraft-005.mp4,64.7508219138721,1920,1080,yuv420p,30,270,8,4148992
Minecraft-010.mp4,73.578277004856,1920,1080,yuv420p,29.9699930070016,270,8,4391643
Minecraft-012.mp4,74.4100538972256,1920,1080,yuv420p,60,540,8,5330325
Minecraft-013.mp4,77.1493723095571,1920,1080,yuv420p,60,539,8,3641161
Minecraft-025.mp4,36.5974334849674,1920,1080,yuv420p,29.97002997003,270,8,4176806
Minecraft-030.mp4,43.1299778421829,1920,1080,yuv420p,60,540,8,6027034
Minecraft-031.mp4,70.3995032200739,1920,1080,yuv420p,60,540,8,5149319
Minecraft-034.mp4,54.4792503896498,1920,1080,yuv420p,29.97002997003,270,8,4380027
Minecraft-035.mp4,54.2128114913443,1920,1080,yuv420p,29.97002997003,270,8,3643084
Minecraft-036.mp4,58.2537829626192,1280,720,yuv420p,30,270,8,2773994
Minecraft-038.mp4,78.4636498370146,1920,1080,yuv420p,60,539,8,5132238
Minecraft-039.mp4,44.3099746500364,640,360,yuv420p,30,270,8,616035
Minecraft-043.mp4,55.9985075529673,640,360,yuv420p,30,270,8,434178
Minecraft-046.mp4,37.8287130642845,854,480,yuv420p,29.97002997003,256,8,1159952
Minecraft-048.mp4,68.2274388782989,1280,720,yuv420p,29.97002997003,270,8,2830407
Minecraft-050.mp4,33.5913069336302,854,480,yuv420p,29.97,270,8,921456
Minecraft-052.mp4,32.172950792963,854,480,yuv420p,29.9701110004111,270,8,1018655
Minecraft-053.mp4,30.5836850195797,854,480,yuv420p,29.97,270,8,1016823
Minecraft-054.mp4,60.5354692128077,640,360,yuv420p,30,270,8,692171
Minecraft-057.mp4,71.4505164068816,1280,720,yuv420p,60,539,8,3189633
Minecraft-061.mp4,69.0549014145208,1280,720,yuv420p,59.9400969717339,539,8,3282798
Minecraft-067.mp4,50.9611785338731,1280,720,yuv420p,29.97002997003,270,8,2504126
Minecraft-075.mp4,43.4638066943084,640,360,yuv420p,29.97,270,8,278572
Minecraft-080.mp4,57.7135492704107,1280,720,yuv420p,60,540,8,7998567
Minecraft-088.mp4,62.6787555174241,1280,720,yuv420p,30,270,8,4224602
Minecraft-089.mp4,58.6602315234073,1920,1080,yuv420p,30,270,8,4415447
Minecraft-093.mp4,67.1493966577489,1920,1080,yuv420p,59.9400599400599,539,8,4734478
Minecraft-095.mp4,62.4118672606087,1920,1080,yuv420p,59.9400599400599,540,8,5914981
Minecraft-099.mp4,71.1757572455616,1920,1080,yuv420p,59.9400599400599,540,8,5609931
Minecraft-100.mp4,59.5206133203597,1280,720,yuv420p,59.9400599400599,539,8,3275639
MountBlade-001.mp4,61.8704626086999,1920,1080,yuv420p,29.97,270,8,3484387
MountBlade-003.mp4,68.6227275789674,1280,720,yuv420p,29.97002997003,270,8,2328705
MountBlade-004.mp4,67.9768317299821,1920,1080,yuv420p,30,270,8,2674849
MountBlade-005.mp4,40.5081906363523,1920,1080,yuv420p,30,242,8,4087907
MountBlade-007.mp4,65.8915532405409,1280,720,yuv420p,29.97,270,8,3473719
NBA-001.mp4,51.6930481508764,640,360,yuv420p,29.9702775025695,270,8,660116
NBA-003.mp4,72.0814019639591,1280,720,yuv420p,29.97002997003,270,8,3345368
NBA-004.mp4,64.2227515552587,1280,720,yuv420p,29.97002997003,270,8,3267411
NBA-005.mp4,72.3679588652859,1280,720,yuv420p,29.97002997003,270,8,2302466
NBA-006.mp4,74.8768774949875,1280,720,yuv420p,29.97002997003,270,8,2349923
NBA-007.mp4,77.9885975514146,1280,720,yuv420p,29.97002997003,270,8,2431566
NBA-008.mp4,66.6674319076406,1280,720,yuv420p,29.97002997003,270,8,2334945
NBA-009.mp4,66.4357227625123,854,480,yuv420p,29.97002997003,270,8,1165154
NBA-010.mp4,44.0592646873573,640,360,yuv420p,29.7777777777778,268,8,637830
NBA-011.mp4,37.1785364117969,640,360,yuv420p,29.97,270,8,695502
NBA-012.mp4,43.7103556856042,640,360,yuv420p,29.97002997003,270,8,508289
NBA-013.mp4,84.9987067836392,1920,1080,yuv420p,29.97002997003,270,8,5536379
Naruto-001.mp4,56.9256964899712,640,360,yuv420p,29.97002997003,298,8,885416
Naruto-002.mp4,57.8366425565464,640,360,yuv420p,29.97002997003,288,8,850590
Naruto-003.mp4,56.1107503471647,640,360,yuv420p,29.97002997003,267,8,847971
Naruto-004.mp4,54.1976127136336,640,360,yuv420p,29.97002997003,268,8,812045
NeedForSpeed-001.mp4,78.595476783504,1280,720,yuv420p,29.97002997003,270,8,1162434
NeedForSpeed-002.mp4,79.7573261833902,854,480,yuv420p,29.9144454274516,269,8,1203209
NeedForSpeed-003.mp4,86.0856485622859,1280,720,yuv420p,29.97,270,8,2946323
OctopathTraveler-001.mp4,66.382405584508,1280,720,yuv420p,30,270,8,3564230
Onmyoji-002.mp4,89.2040234493198,1920,1080,yuv420p,60,486,8,4598087
Onmyoji-003.mp4,83.4537670413961,1920,1080,yuv420p,60,487,8,17205357
Onmyoji-004.mp4,82.2238449403722,1920,1080,yuv420p,60,486,8,6889818
Onmyoji-005.mp4,85.9003486075339,1920,1080,yuv420p,60,486,8,13257238
Onmyoji-007.mp4,75.4945329761381,1920,1080,yuv420p,30.060727518091,248,8,13791524
Onmyoji-008.mp4,78.4769340793491,1920,1080,yuv420p,30,248,8,17641102
Onmyoji-009.mp4,81.1991100791559,1920,1080,yuv420p,30,248,8,7183359
Onmyoji-010.mp4,85.4496790330511,1920,1080,yuv420p,30.0615777479676,248,8,18095447
Onmyoji-011.mp4,86.9363729884116,1920,1080,yuv420p,30.0604846041026,248,8,9079222
Overwatch-001.mp4,67.6540857001523,1280,720,yuv420p,60,540,8,3596765
Overwatch-003.mp4,91.3690059967672,1920,1080,yuv420p,60.0022223045298,540,8,7266013
Overwatch-004.mp4,87.46149815109,1920,1080,yuv420p,60.0022223045298,540,8,7052948
Overwatch-006.mp4,81.8250489257405,1280,720,yuv420p,60,544,8,3441920
Overwatch-007.mp4,79.0633790495651,1280,720,yuv420p,59.9955558847493,540,8,3661401
Overwatch-008.mp4,92.2471019367722,1920,1080,yuv420p,60.0022223045298,540,8,6568082
Overwatch-010.mp4,89.084119242644,1920,1080,yuv420p,60.0022223045298,540,8,6497289
Overwatch-011.mp4,81.7211382654129,1280,720,yuv420p,30,270,8,16459275
Overwatch-012.mp4,60.4802102232117,1280,720,yuv420p,29.9967926558947,274,8,2678535
Overwatch-013.mp4,76.5523333514792,1280,720,yuv420p,59.9977737375237,539,8,4323162
Overwatch-014.mp4,72.6977183089918,1280,720,yuv420p,59.997786059555,542,8,3445693
Overwatch-015.mp4,15.4095673992959,1920,1080,yuv420p,60,540,8,2828058
Overwatch-016.mp4,79.0524111790454,1920,1080,yuv420p,60.0022223045298,540,8,6295376
Overwatch-017.mp4,82.6525652051041,1920,1080,yuv420p,59.997786059555,542,8,6415534
Overwatch-019.mp4,81.5636632768547,1280,720,yuv420p,59.9955558847493,540,8,3580062
Overwatch-020.mp4,60.9041575627265,1920,1080,yuv420p,29.9988889300396,270,8,5434519
Overwatch-022.mp4,81.9729032645675,1920,1080,yuv420p,60,540,8,4697975
Overwatch-024.mp4,58.6128050318177,1280,720,yuv420p,29.97002997003,270,8,2370747
Overwatch-025.mp4,77.1549329266506,1920,1080,yuv420p,59.9955558847493,540,8,5648511
Overwatch-026.mp4,84.5211095978156,1920,1080,yuv420p,59.997786059555,542,8,6531124
PUBG-001.mp4,30.6338342958378,640,360,yuv420p,29.821,269,8,586872
PUBG-002.mp4,42.2572006526697,640,360,yuv420p,30,270,8,676176
PUBG-009.mp4,52.0153521555359,1920,1080,yuv420p,59.9400599400599,539,8,5171067
PUBG-011.mp4,60.0868276205229,1920,1080,yuv420p,60,544,8,10333531
PUBG-013.mp4,38.4197516884156,1280,720,yuv420p,30,270,8,1433048
PUBG-016.mp4,71.6548962178988,1280,720,yuv420p,60.0022223045298,540,8,3506287
PUBG-021.mp4,71.7457830942553,1280,720,yuv420p,60.0022223045298,540,8,5083570
PUBG-026.mp4,69.321494469409,1280,720,yuv420p,59.9955558847493,540,8,3516196
PUBG-027.mp4,69.1016158523033,1920,1080,yuv420p,60.0022223045298,540,8,6188792
PUBG-028.mp4,62.9806827471555,1280,720,yuv420p,59.9955558847493,540,8,3574736
PUBG-034.mp4,77.4368615149419,1280,720,yuvj420p,60,544,8,5036736
PUBG-037.mp4,34.6449098425106,854,480,yuv420p,29.97002997003,270,8,1145602
PUBG-038.mp4,47.190285351196,854,480,yuv420p,29.97002997003,270,8,751713
PUBG-039.mp4,46.2378203317148,854,480,yuv420p,29.97002997003,270,8,671141
PUBG-041.mp4,51.1384620549369,854,480,yuv420p,29.97002997003,270,8,1184207
PUBG-042.mp4,47.5432917315914,854,480,yuv420p,29.97002997003,270,8,887817
PUBG-044.mp4,38.4881892386522,854,480,yuv420p,30,270,8,1147369
PUBG-051.mp4,78.6019280549793,1920,1080,yuv420p,29.9992222423863,270,8,10647992
PUBG-052.mp4,79.856347748431,1920,1080,yuv420p,29.9995555621398,270,8,11040994
PUBG-055.mp4,72.3348406584783,1920,1080,yuv420p,30,270,8,3794841
PUBG-056.mp4,55.6379665764208,1280,720,yuv420p,29.9988889300396,270,8,2068319
PUBG-057.mp4,55.7601969199892,1920,1080,yuv420p,60.0022223045298,540,8,5919174
PUBG-062.mp4,79.890997384078,1920,1080,yuv420p,59.9978259136598,539,8,5858120
PUBG-066.mp4,32.9513514176721,640,360,yuv420p,30,270,8,641172
PUBG-067.mp4,38.1876556717189,640,360,yuv420p,30,270,8,685126
PUBG-072.mp4,78.8788450401913,1280,720,yuv420p,59.9955558847493,540,8,3670181
PUBG-074.mp4,74.41793322884,1280,720,yuvj420p,60.0022223045298,540,8,5318646
PUBG-079.mp4,64.4156853120873,1280,720,yuv420p,60,540,8,6597056
PUBG-083.mp4,80.2041257363203,1920,1080,yuvj420p,60.0022223045298,540,8,5075969
PUBG-088.mp4,71.3571441724096,1920,1080,yuv420p,59.9400599400599,539,8,12418995
PUBG-089.mp4,91.8293032316387,1920,1080,yuv420p,60,510,8,13344401
PUBG-090.mp4,33.9924567627492,1280,720,yuv420p,29.9988889300396,270,8,2109071
PUBG-092.mp4,49.6340142032568,1920,1080,yuv420p,30,270,8,4620749
PlantZombies-001.mp4,45.5674515558591,1280,720,yuv420p,29.97,270,8,1737321
PlantZombies-002.mp4,67.3889308078467,1280,720,yuv420p,29.97002997003,270,8,1040104
PlantZombies-004.mp4,51.843593804702,1920,1080,yuv420p,59.9977737375237,539,8,2461270
PlantZombies-005.mp4,73.8135086436486,1280,720,yuv420p,59.94,539,8,4923532
Pokemon-003.mp4,83.7782299038634,1280,720,yuv420p,29.9988889300396,270,8,2522456
Pokemon-004.mp4,79.2941649174301,1280,720,yuv420p,29.9988889300396,270,8,2487167
Pokemon-005.mp4,86.8487910884964,1920,1080,yuv420p,59.9977737375237,539,8,6015486
Pokemon-006.mp4,83.8046966275538,1920,1080,yuv420p,60.0022223045298,540,8,5415709
Pokemon-007.mp4,87.6447625021495,1920,1080,yuv420p,59.997786059555,542,8,6448318
Pokemon-008.mp4,85.0281895668749,1920,1080,yuv420p,60.0022223045298,540,8,4511131
Pokemon-012.mp4,93.0690463918929,1280,720,yuv420p,29.9988889300396,270,8,2533533
Pokemon-014.mp4,52.3676862165253,640,360,yuv420p,29.97,270,8,458720
Pokemon-015.mp4,72.9933927696187,1920,1080,yuv420p,60,540,8,4327169
RDR-051.mp4,42.3917957900643,1280,720,yuv420p,29.97002997003,298,8,2344211
RDR-052.mp4,72.6916282498966,1280,720,yuv420p,29.97002997003,289,8,1380387
RDR-053.mp4,51.1100775157492,1280,720,yuv420p,29.97002997003,284,8,2303656
RDR-054.mp4,71.9287718586327,1280,720,yuv420p,30.0012397206496,242,8,2600717
RDR-055.mp4,64.4049396486387,1280,720,yuv420p,30.0012397206496,242,8,2550712
RDR-056.mp4,51.8378877178031,1280,720,yuv420p,29.97002997003,299,8,2327405
RDR-057.mp4,65.8423308299079,1280,720,yuv420p,29.97002997003,276,8,1870644
RDR-058.mp4,55.0402465896136,1280,720,yuv420p,29.97002997003,285,8,2258030
RDR-059.mp4,63.3813216027718,1280,720,yuv420p,29.97002997003,273,8,2664927
RDR-060.mp4,58.5304724582923,1280,720,yuv420p,29.97002997003,252,8,1579972
RDR-071.mp4,69.7414147903431,1920,1080,yuv420p,29.97002997003,244,8,4577395
RDR-072.mp4,61.4509824496468,1920,1080,yuv420p,29.97002997003,291,8,2447267
RDR-073.mp4,62.8352356984414,1920,1080,yuv420p,29.97002997003,270,8,4188298
RDR-074.mp4,69.1368674972295,1920,1080,yuv420p,29.97002997003,292,8,4447568
RDR-075.mp4,74.0284186687659,1920,1080,yuv420p,29.97002997003,269,8,3238636
RDR2-001.mp4,76.0944331581717,1920,1080,yuv420p,59.9977737375237,539,8,6027131
RDR2-002.mp4,72.5597526927151,1280,720,yuv420p,29.9988889300396,270,8,2595183
RDR2-004.mp4,60.8885102459359,1280,720,yuv420p,29.9988889300396,270,8,2513929
RDR2-006.mp4,71.6667728708387,1280,720,yuv420p,29.9988889300396,270,8,2597612
RDR2-007.mp4,62.7698080973694,1280,720,yuv420p,29.9988889300396,270,8,2503842
RDR2-008.mp4,68.1800067628931,1280,720,yuv420p,29.97002997003,270,8,1390599
RDR2-009.mp4,70.1257122155039,1280,720,yuv420p,29.97002997003,270,8,863761
RDR2-015.mp4,81.7604260441395,1280,720,yuv420p,29.97002997003,270,8,1232448
ResidentEvil-002.mp4,58.2380913790783,1920,1080,yuv420p,60,540,8,1722396
ResidentEvil-003.mp4,77.865532162623,1920,1080,yuv420p,60,544,8,6065458
ResidentEvil-004.mp4,90.7248044676684,1920,1080,yuv420p,60.0022223045298,540,8,6006716
ResidentEvil-005.mp4,78.3002376132361,1920,1080,yuv420p,59.9977737375237,539,8,6625720
ResidentEvil-007.mp4,63.6425628605711,1920,1080,yuv420p,29.9977696825515,269,8,5970172
ResidentEvil-008.mp4,63.0008988483392,1920,1080,yuv420p,60.0022223045298,540,8,6103732
Roblox-001.mp4,73.2427219297333,1920,1080,yuv420p,30,270,8,3405048
Roblox-003.mp4,50.9193725620908,1920,1080,yuv420p,60,540,8,9138389
Roblox-004.mp4,67.3312988508368,1280,720,yuv420p,30,270,8,3397672
Roblox-006.mp4,56.4045481955054,640,360,yuv420p,30,270,8,276786
Roblox-007.mp4,61.3255416370848,1280,720,yuv420p,29.97002997003,270,8,999088
Roblox-008.mp4,29.5986051943943,640,360,yuv420p,30,270,8,593758
RocketLeague-001.mp4,75.907544494304,1920,1080,yuv420p,59.9404268551721,544,8,5972298
RocketLeague-002.mp4,63.4429610726,1280,720,yuv420p,29.97002997003,270,8,3282491
RocketLeague-003.mp4,71.5578655210237,1280,720,yuv420p,29.97002997003,270,8,2336523
RocketLeague-006.mp4,59.534463331366,1280,720,yuv420p,60.0022223045298,540,8,3496189
RocketLeague-007.mp4,40.0151496404151,1280,720,yuv420p,29.9689211188397,270,8,2077064
RocketLeague-008.mp4,47.0579130440922,1280,720,yuv420p,29.97002997003,272,8,2286809
SC2-001.mp4,77.5197929212447,1920,1080,yuv420p,59.940133866299,540,8,5578526
SC2-002.mp4,64.4028117570952,1280,720,yuv420p,30,270,8,2242526
SC2-003.mp4,69.0946145163202,1280,720,yuv420p,29.97002997003,270,8,2511451
SC2-004.mp4,57.3548484680988,1280,720,yuv420p,29.97002997003,270,8,2560789
SC2-005.mp4,69.6674868853933,1280,720,yuv420p,59.94,539,8,3473109
Sekiro-003.mp4,87.4986267373896,1920,1080,yuv420p,29.97002997003,246,8,11351140
Sekiro-004.mp4,83.1773208215109,1920,1080,yuv420p,60,487,8,13844733
Sekiro-005.mp4,94.0947423124457,1920,1080,yuv420p,57.497264972732,466,8,19769298
Sekiro-007.mp4,88.8577760651622,1920,1080,yuv420p,29.97002997003,245,8,10950565
Sekiro-008.mp4,92.4397515820488,1920,1080,yuv420p,60,487,8,14904187
Sekiro-010.mp4,89.4513420597257,1920,1080,yuv420p,59.9400599400599,512,8,16996712
Sekiro-011.mp4,85.6607141395632,1920,1080,yuv420p,60,487,8,13870644
Sekiro-012.mp4,79.9755831954588,1920,1080,yuv420p,29.97002997003,245,8,11462974
Sekiro-015.mp4,79.7585343345023,1920,1080,yuv420p,29.5757575757576,244,8,10669230
Sekiro-016.mp4,84.0261021584733,1920,1080,yuv420p,29.5773457652082,245,8,10557258
Sekiro-018.mp4,81.7301372342759,1920,1080,yuv420p,29.7581845088085,246,8,11054171
Sekiro-019.mp4,79.798036213469,1920,1080,yuv420p,30.1063433741765,248,8,11012617
Sekiro-021.mp4,76.8331385487523,1920,1080,yuv420p,29.6980696254743,246,8,10579509
Sekiro-023.mp4,70.2126769809255,1280,720,yuv420p,29.8093418827337,245,8,4599217
Sekiro-024.mp4,72.1187206719947,1280,720,yuv420p,30.0606060606061,248,8,5000914
Sekiro-025.mp4,80.9718479865215,1280,720,yuv420p,30,248,8,4807671
Sekiro-026.mp4,78.3304239578095,1280,720,yuv420p,29.8181818181818,246,8,4670846
Sekiro-027.mp4,72.7488205546186,1280,720,yuv420p,30.0606060606061,248,8,4735579
Sekiro-028.mp4,72.2069295822815,1280,720,yuv420p,30.060727518091,248,8,4880570
Sekiro-029.mp4,76.1954355896104,1280,720,yuv420p,30,248,8,4581460
SilentHunter-001.mp4,50.1916131514872,1280,720,yuv420p,29.97002997003,270,8,964543
SpiderMan-001.mp4,70.3652367701978,1920,1080,yuv420p,60,481,8,6480367
Stellaris-001.mp4,89.1053309030138,1920,1080,yuv420p,29.9988889300396,270,8,4103435
StreetFighter-001.mp4,30.378714538496,640,360,yuv420p,29.97002997003,291,8,857159
StreetFighter-003.mp4,20.3052971365602,854,480,yuv420p,29.97002997003,277,8,1157896
StreetFighter-004.mp4,66.118621652794,1280,720,yuv420p,30,272,8,2975768
StreetFighter-005.mp4,61.61418724643,1280,720,yuv420p,30,255,8,2729384
StreetFighter-006.mp4,18.0024356684379,854,480,yuv420p,29.97002997003,252,8,1168083
StreetFighter-007.mp4,28.6336531438511,854,480,yuv420p,29.97002997003,272,8,1138689
StreetFighter-009.mp4,62.3095864957862,1280,720,yuv420p,30,270,8,3162469
StreetFighter-010.mp4,57.4262645957361,1280,720,yuv420p,30,240,8,3059453
StreetFighter-012.mp4,62.8749634499053,1280,720,yuv420p,30,289,8,3750875
StreetFighter-013.mp4,55.9885859737589,1280,720,yuv420p,30,285,8,2923949
StreetFighter-014.mp4,62.092679657858,1280,720,yuv420p,30,288,8,2780425
StreetFighter-015.mp4,65.2598585706317,1280,720,yuv420p,30,240,8,2434901
StreetFighter-016.mp4,63.4987094935547,1280,720,yuv420p,60,577,8,3354219
StreetFighter-017.mp4,56.0607232550992,1280,720,yuv420p,60,481,8,3205989
StreetFighter-018.mp4,78.2696375344775,1920,1080,yuv420p,59.9400599400599,582,8,6982592
StreetFighter-019.mp4,80.1190365761538,1920,1080,yuv420p,59.9400599400599,588,8,10651966
StreetFighter-020.mp4,80.2779219633096,1920,1080,yuv420p,59.9400599400599,502,8,4908365
SuperSmashBros-001.mp4,88.5879387488918,1920,1080,yuv420p,29.97002997003,255,8,13063762
SuperSmashBros-003.mp4,88.6967778185458,1920,1080,yuv420p,29.97002997003,255,8,11844660
SuperSmashBros-004.mp4,87.181829956248,1920,1080,yuv420p,29.97002997003,255,8,14978552
SuperSmashBros-005.mp4,86.3798512225768,1920,1080,yuv420p,29.97002997003,255,8,15030628
SuperSmashBros-007.mp4,45.574688442976,1280,720,yuv420p,30,270,8,1325396
SuperSmashBros-008.mp4,55.8105441388333,1280,720,yuv420p,30,272,8,2499084
SuperSmashBros-009.mp4,92.5047835040301,1920,1080,yuv420p,60.0022223045298,540,8,6041557
SuperSmashBros-010.mp4,92.3878166150699,1920,1080,yuv420p,30,251,8,13402472
SuperSmashBros-011.mp4,83.1949193340589,1920,1080,yuv420p,30,251,8,19365191
SuperSmashBros-012.mp4,95.1588071365135,1920,1080,yuv420p,30,251,8,14679545
SuperSmashBros-013.mp4,83.8700928160161,1920,1080,yuv420p,30,253,8,9643586
SuperSmashBros-014.mp4,88.0279556854507,1920,1080,yuv420p,30,251,8,4978494
SuperSmashBros-015.mp4,87.9216400031641,1920,1080,yuv420p,30,251,8,4684799
SuperSmashBros-016.mp4,92.159213878836,1920,1080,yuv420p,30,251,8,12478201
SuperSmashBros-017.mp4,65.1922098731171,1280,720,yuv420p,29.97,270,8,2127809
TheWitcher-001.mp4,74.7883927836328,1280,720,yuv420p,30,270,8,1779224
TheWitcher-004.mp4,80.984414707918,1280,720,yuv420p,29.97002997003,270,8,1859090
TheWitcher-005.mp4,79.5372141287513,1280,720,yuv420p,29.97002997003,270,8,1266241
TheWitcher-006.mp4,89.2879230100368,1280,720,yuv420p,29.97002997003,270,8,1839575
TheWitcher-007.mp4,76.689044342363,1280,720,yuv420p,29.97002997003,270,8,1142325
TotalWar-002.mp4,77.9954971593275,1920,1080,yuv420p,30,270,8,1833112
TotalWar-006.mp4,71.8918412061949,1920,1080,yuv420p,30,270,8,14096337
TotalWar-008.mp4,77.9147632684996,1920,1080,yuv420p,29.97,270,8,2006446
TotalWar-015.mp4,79.9670753859267,1920,1080,yuv420p,59.9935381500442,544,8,5858983
TotalWar-019.mp4,80.4847217779838,1920,1080,yuv420p,30,270,8,4659768
WOW-001.mp4,36.2143974526073,1280,720,yuv420p,30,270,8,2814063
WOW-002.mp4,47.7704036721914,1280,720,yuv420p,29.97002997003,270,8,2209879
WOW-004.mp4,35.8200262057669,1280,720,yuv420p,29.97002997003,270,8,1097158
WOW-005.mp4,33.9212090824474,1280,720,yuv420p,29.97002997003,270,8,2793169
WOW-006.mp4,56.0048807356251,1280,720,yuv420p,30,270,8,2491107
WOW-007.mp4,35.008773544092,1280,720,yuv420p,29.97002997003,270,8,2494278
WOW-008.mp4,27.2565748231895,1280,720,yuv420p,29.97002997003,270,8,6346972
WOW-009.mp4,43.7772545294612,1280,720,yuv420p,29.97002997003,270,8,1196590
WOW-010.mp4,42.3359602912565,1280,720,yuv420p,30,270,8,1554476
WOW-011.mp4,21.1102660443214,640,360,yuv420p,29.97,270,8,901110
WOW-013.mp4,34.9835476776899,1280,720,yuv420p,59.9400599400599,539,8,2609391
WOW-014.mp4,57.5814380854214,1280,720,yuv420p,29.97002997003,246,8,4541482
WorldTanks-001.mp4,70.3800977904505,1920,1080,yuv420p,29.97002997003,267,8,4307014
WorldTanks-003.mp4,73.2231393618219,1920,1080,yuv420p,29.97002997003,291,8,4106833
WorldTanks-005.mp4,68.3526170450916,1920,1080,yuv420p,29.97002997003,257,8,4827090
WorldTanks-006.mp4,67.657821297332,1920,1080,yuv420p,29.97002997003,244,8,4347628
WorldTanks-007.mp4,71.0677568911584,1920,1080,yuv420p,29.97002997003,257,8,4487473
WorldTanks-008.mp4,75.6949153438939,1920,1080,yuv420p,29.97002997003,258,8,4554125
WorldTanks-009.mp4,76.7609851875944,1920,1080,yuv420p,29.97002997003,275,8,4508635
WorldTanks-010.mp4,75.6648065941301,1920,1080,yuv420p,29.97002997003,282,8,4435781
WorldTanks-011.mp4,76.8470821527223,1920,1080,yuv420p,29.97002997003,282,8,3961661
WorldTanks-012.mp4,67.3378776843778,1920,1080,yuv420p,29.97002997003,297,8,4556996
WorldTanks-030.mp4,70.2116268994965,1280,720,yuv420p,30,242,8,3412320
